parent_id,method,matrix_count,direction_repeat,training_repeat,status,parameter_success,output_l1_error,coefficient_l1_norm,joint_parameter_error,angular_gaussian_nmse,logical_learning_queries,minimum_hidden_weight,run_id
T512_seed0,two_hessian,3,0,,complete,False,0.49507252085847353,1.0832256149384107,0.49507252085847353,0.06388696381555212,31191992508,-0.04782071595789079,T512_seed0_repeat0_M3_two_hessian
T512_seed0,best_single,3,0,,complete,False,0.4724872429836509,1.0832256149384114,0.4724872429836509,0.07636715530361775,31191992568,-0.03803313861534608,T512_seed0_repeat0_M3_best_single
T512_seed0,random_1,3,0,,complete,False,0.4647163222666163,1.0832256149384107,0.4647163222666163,0.07896474707063085,31191992568,-0.037797414717471244,T512_seed0_repeat0_M3_random_1
T512_seed0,random_64,3,0,,complete,False,0.47421323605938626,1.0832256149384103,0.47421323605938626,0.07628858606846567,31191992568,-0.03836884336858348,T512_seed0_repeat0_M3_random_64
T512_seed0,two_hessian,6,0,,complete,False,0.49507252085847353,1.0832256149384107,0.49507252085847353,0.06388696381555212,31191992508,-0.04782071595789079,T512_seed0_repeat0_M6_two_hessian
T512_seed0,best_single,6,0,,complete,False,0.4705585122786403,1.0832256149384107,0.4705585122786403,0.07588456016141501,31191992658,-0.04034024692444091,T512_seed0_repeat0_M6_best_single
T512_seed0,random_1,6,0,,complete,False,0.6021719163246645,1.0832256149384103,0.6021719163246645,0.030078902384398178,31191992658,-0.08143417257970201,T512_seed0_repeat0_M6_random_1
T512_seed0,random_64,6,0,,complete,False,0.4704934142189078,1.0832256149384107,0.4704934142189078,0.0761668875129294,31191992658,-0.03827519850353433,T512_seed0_repeat0_M6_random_64
T512_seed0,two_hessian,12,0,,complete,False,0.49507252085847353,1.0832256149384107,0.49507252085847353,0.06388696381555212,31191992508,-0.04782071595789079,T512_seed0_repeat0_M12_two_hessian
T512_seed0,best_single,12,0,,complete,False,0.4961800664021683,1.0832256149384105,0.4961800664021683,0.06701340377326985,31191992838,-0.04592160329849379,T512_seed0_repeat0_M12_best_single
T512_seed0,random_1,12,0,,complete,False,0.47141245037441104,1.0832256149384105,0.47141245037441104,0.07665393223300519,31191992838,-0.038893132232999054,T512_seed0_repeat0_M12_random_1
T512_seed0,random_64,12,0,,complete,False,0.4838059928140898,1.0832256149384105,0.4838059928140898,0.07276536961557915,31191992838,-0.03988677821766305,T512_seed0_repeat0_M12_random_64
T512_seed0,random_8,12,0,,complete,False,0.4838059928140898,1.0832256149384105,0.4838059928140898,0.07276536961557915,31191992838,-0.03988677821766305,T512_seed0_repeat0_M12_random_8
T512_seed0,random_32,12,0,,complete,False,0.4838059928140898,1.0832256149384105,0.4838059928140898,0.07276536961557915,31191992838,-0.03988677821766305,T512_seed0_repeat0_M12_random_32
T512_seed0,two_hessian,24,0,,complete,False,0.49507252085847353,1.0832256149384107,0.49507252085847353,0.06388696381555212,31191992508,-0.04782071595789079,T512_seed0_repeat0_M24_two_hessian
T512_seed0,best_single,24,0,,complete,False,0.4928130222761395,1.0832256149384096,0.4928130222761395,0.07067008121186603,31191993198,-0.03700275728437165,T512_seed0_repeat0_M24_best_single
T512_seed0,random_1,24,0,,complete,False,0.48901077313611885,1.0832256149384103,0.48901077313611885,0.0601662057877788,31191993198,-0.13727481406316597,T512_seed0_repeat0_M24_random_1
T512_seed0,random_64,24,0,,complete,False,0.4808351401352221,1.0832256149384105,0.4808351401352221,0.07268864907425054,31191993198,-0.041270621210604055,T512_seed0_repeat0_M24_random_64
T512_seed0,two_hessian,3,1,,complete,False,0.4709219045358354,1.0832256149384094,0.4709219045358354,0.07665804966342166,31191992508,-0.038140980525369655,T512_seed0_repeat1_M3_two_hessian
T512_seed0,best_single,3,1,,complete,False,0.4709219045358354,1.0832256149384094,0.4709219045358354,0.07665804966342166,31191992568,-0.038140980525369655,T512_seed0_repeat1_M3_best_single
T512_seed0,random_1,3,1,,complete,False,0.4907582099588633,1.0832256149384105,0.4907582099588633,0.0721344986545453,31191992568,-0.03682957340855235,T512_seed0_repeat1_M3_random_1
T512_seed0,random_64,3,1,,complete,False,0.47254388527704905,1.0832256149384096,0.47254388527704905,0.0763863250040013,31191992568,-0.037795197312539844,T512_seed0_repeat1_M3_random_64
T512_seed0,two_hessian,6,1,,complete,False,0.4709219045358354,1.0832256149384094,0.4709219045358354,0.07665804966342166,31191992508,-0.038140980525369655,T512_seed0_repeat1_M6_two_hessian
T512_seed0,best_single,6,1,,complete,False,0.4709219045358354,1.0832256149384094,0.4709219045358354,0.07665804966342166,31191992658,-0.038140980525369655,T512_seed0_repeat1_M6_best_single
T512_seed0,random_1,6,1,,complete,False,0.47303654312862786,1.0832256149384105,0.47303654312862786,0.07486371678996466,31191992658,-0.03940119222026752,T512_seed0_repeat1_M6_random_1
T512_seed0,random_64,6,1,,complete,False,0.47790069785192535,1.0832256149384105,0.47790069785192535,0.07375419825394243,31191992658,-0.040374961050522636,T512_seed0_repeat1_M6_random_64
T512_seed0,two_hessian,12,1,,complete,False,0.4709219045358354,1.0832256149384094,0.4709219045358354,0.07665804966342166,31191992508,-0.038140980525369655,T512_seed0_repeat1_M12_two_hessian
T512_seed0,best_single,12,1,,complete,False,0.47200745470393046,1.083225614938411,0.47200745470393046,0.07467885670020714,31191992838,-0.040808469353573955,T512_seed0_repeat1_M12_best_single
T512_seed0,random_1,12,1,,complete,False,0.45601036001666995,1.0832256149384096,0.45601036001666995,0.07903539573292061,31191992838,-0.03825070448305478,T512_seed0_repeat1_M12_random_1
T512_seed0,random_64,12,1,,complete,False,0.48091748443313376,1.08322561493841,0.48091748443313376,0.07333669628789344,31191992838,-0.04034019150144781,T512_seed0_repeat1_M12_random_64
T512_seed0,random_8,12,1,,complete,False,0.4738477021664707,1.0832256149384112,0.4738477021664707,0.07487531448900389,31191992838,-0.039648202137331515,T512_seed0_repeat1_M12_random_8
T512_seed0,random_32,12,1,,complete,False,0.4738477021664707,1.0832256149384112,0.4738477021664707,0.07487531448900389,31191992838,-0.039648202137331515,T512_seed0_repeat1_M12_random_32
T512_seed0,two_hessian,24,1,,complete,False,0.4709219045358354,1.0832256149384094,0.4709219045358354,0.07665804966342166,31191992508,-0.038140980525369655,T512_seed0_repeat1_M24_two_hessian
T512_seed0,best_single,24,1,,complete,False,0.47200745470393046,1.083225614938411,0.47200745470393046,0.07467885670020714,31191993198,-0.040808469353573955,T512_seed0_repeat1_M24_best_single
T512_seed0,random_1,24,1,,complete,False,0.47109307191842154,1.0832256149384112,0.47109307191842154,0.07761046259528635,31191993198,-0.03782510727588128,T512_seed0_repeat1_M24_random_1
T512_seed0,random_64,24,1,,complete,False,0.47956325033737746,1.0832256149384103,0.47956325033737746,0.07376876615776752,31191993198,-0.039221122275732094,T512_seed0_repeat1_M24_random_64
T512_seed0,two_hessian,3,2,,complete,False,0.49215011554757526,1.0832256149384096,0.49215011554757526,0.06293897855454647,31191992508,-0.07081627254879656,T512_seed0_repeat2_M3_two_hessian
T512_seed0,best_single,3,2,,complete,False,0.46781861861765517,1.0832256149384099,0.46781861861765517,0.07764777254972914,31191992568,-0.03933891627652888,T512_seed0_repeat2_M3_best_single
T512_seed0,random_1,3,2,,complete,False,0.4562665088714232,1.08322561493841,0.4562665088714232,0.08657015857681072,31191992568,-0.03383692269619533,T512_seed0_repeat2_M3_random_1
T512_seed0,random_64,3,2,,complete,False,0.4739812716896302,1.0832256149384107,0.4739812716896302,0.07684288623787117,31191992568,-0.03660391421194072,T512_seed0_repeat2_M3_random_64
T512_seed0,two_hessian,6,2,,complete,False,0.49215011554757526,1.0832256149384096,0.49215011554757526,0.06293897855454647,31191992508,-0.07081627254879656,T512_seed0_repeat2_M6_two_hessian
T512_seed0,best_single,6,2,,complete,False,0.47357899106944945,1.0832256149384103,0.47357899106944945,0.07620840512126333,31191992658,-0.03828577115856333,T512_seed0_repeat2_M6_best_single
T512_seed0,random_1,6,2,,complete,False,0.48308475609330237,1.0832256149384107,0.48308475609330237,0.06824985530292464,31191992658,-0.055214817348039145,T512_seed0_repeat2_M6_random_1
T512_seed0,random_64,6,2,,complete,False,0.4764236926416595,1.0832256149384105,0.4764236926416595,0.07559289686926134,31191992658,-0.03806411838001906,T512_seed0_repeat2_M6_random_64
T512_seed0,two_hessian,12,2,,complete,False,0.49215011554757526,1.0832256149384096,0.49215011554757526,0.06293897855454647,31191992508,-0.07081627254879656,T512_seed0_repeat2_M12_two_hessian
T512_seed0,best_single,12,2,,complete,False,0.47384174053257944,1.08322561493841,0.47384174053257944,0.07616021392865455,31191992838,-0.0383451161325385,T512_seed0_repeat2_M12_best_single
T512_seed0,random_1,12,2,,complete,False,0.5387200594221122,1.0832256149384114,0.5387200594221122,0.0635933354542562,31191992838,-0.03815045432643459,T512_seed0_repeat2_M12_random_1
T512_seed0,random_64,12,2,,complete,False,0.4792128265352158,1.0832256149384105,0.4792128265352158,0.0746393500648309,31191992838,-0.03786562740517666,T512_seed0_repeat2_M12_random_64
T512_seed0,random_8,12,2,,complete,False,0.48869459396478876,1.0832256149384099,0.48869459396478876,0.0739159689407048,31191992838,-0.03352157408868583,T512_seed0_repeat2_M12_random_8
T512_seed0,random_32,12,2,,complete,False,0.46996749769336044,1.0832256149384099,0.46996749769336044,0.07735624612207895,31191992838,-0.03706690564844652,T512_seed0_repeat2_M12_random_32
T512_seed0,two_hessian,24,2,,complete,False,0.49215011554757526,1.0832256149384096,0.49215011554757526,0.06293897855454647,31191992508,-0.07081627254879656,T512_seed0_repeat2_M24_two_hessian
T512_seed0,best_single,24,2,,complete,False,0.47384174053257944,1.08322561493841,0.47384174053257944,0.07616021392865455,31191993198,-0.0383451161325385,T512_seed0_repeat2_M24_best_single
T512_seed0,random_1,24,2,,complete,False,0.45755167566691357,1.0832256149384096,0.45755167566691357,0.08687301084470735,31191993198,-0.033954036090283767,T512_seed0_repeat2_M24_random_1
T512_seed0,random_64,24,2,,complete,False,0.48247941606391465,1.08322561493841,0.48247941606391465,0.07366756910770257,31191993198,-0.038801878061768116,T512_seed0_repeat2_M24_random_64
T512_seed0,two_hessian,3,3,,complete,False,0.47166730515040245,1.0832256149384105,0.47166730515040245,0.07508471594753431,31191992508,-0.040360711269869017,T512_seed0_repeat3_M3_two_hessian
T512_seed0,best_single,3,3,,complete,False,0.47166730515040245,1.0832256149384105,0.47166730515040245,0.07508471594753431,31191992568,-0.040360711269869017,T512_seed0_repeat3_M3_best_single
T512_seed0,random_1,3,3,,complete,False,0.48209188915626144,1.0832256149384103,0.48209188915626144,0.07677022653430578,31191992568,-0.026939627532297776,T512_seed0_repeat3_M3_random_1
T512_seed0,random_64,3,3,,complete,False,0.4722827055085449,1.083225614938411,0.4722827055085449,0.07499887262016594,31191992568,-0.04061413654499135,T512_seed0_repeat3_M3_random_64
T512_seed0,two_hessian,6,3,,complete,False,0.47166730515040245,1.0832256149384105,0.47166730515040245,0.07508471594753431,31191992508,-0.040360711269869017,T512_seed0_repeat3_M6_two_hessian
T512_seed0,best_single,6,3,,complete,False,0.47166730515040245,1.0832256149384105,0.47166730515040245,0.07508471594753431,31191992658,-0.040360711269869017,T512_seed0_repeat3_M6_best_single
T512_seed0,random_1,6,3,,complete,False,0.47051213946247994,1.0832256149384099,0.47051213946247994,0.07746095540451856,31191992658,-0.038766898747846945,T512_seed0_repeat3_M6_random_1
T512_seed0,random_64,6,3,,complete,False,0.47399309030291137,1.0832256149384099,0.47399309030291137,0.07560127550567339,31191992658,-0.038921200906811865,T512_seed0_repeat3_M6_random_64
T512_seed0,two_hessian,12,3,,complete,False,0.47166730515040245,1.0832256149384105,0.47166730515040245,0.07508471594753431,31191992508,-0.040360711269869017,T512_seed0_repeat3_M12_two_hessian
T512_seed0,best_single,12,3,,complete,False,0.47166730515040245,1.0832256149384105,0.47166730515040245,0.07508471594753431,31191992838,-0.040360711269869017,T512_seed0_repeat3_M12_best_single
T512_seed0,random_1,12,3,,complete,False,0.46462629164287594,1.0832256149384105,0.46462629164287594,0.08001422953091873,31191992838,-0.03795733011900018,T512_seed0_repeat3_M12_random_1
T512_seed0,random_64,12,3,,complete,False,0.4744848300015826,1.0832256149384112,0.4744848300015826,0.07509439174910841,31191992838,-0.04004412607853327,T512_seed0_repeat3_M12_random_64
T512_seed0,random_8,12,3,,complete,False,0.4700945201472434,1.0832256149384114,0.4700945201472434,0.07709451629935067,31191992838,-0.038866580341862585,T512_seed0_repeat3_M12_random_8
T512_seed0,random_32,12,3,,complete,False,0.4744848300015826,1.0832256149384112,0.4744848300015826,0.07509439174910841,31191992838,-0.04004412607853327,T512_seed0_repeat3_M12_random_32
T512_seed0,two_hessian,24,3,,complete,False,0.47166730515040245,1.0832256149384105,0.47166730515040245,0.07508471594753431,31191992508,-0.040360711269869017,T512_seed0_repeat3_M24_two_hessian
T512_seed0,best_single,24,3,,complete,False,0.47166730515040245,1.0832256149384105,0.47166730515040245,0.07508471594753431,31191993198,-0.040360711269869017,T512_seed0_repeat3_M24_best_single
T512_seed0,random_1,24,3,,complete,False,0.5002079075553346,1.0832256149384092,0.5002079075553346,0.060970485650773405,31191993198,-0.049869393383316245,T512_seed0_repeat3_M24_random_1
T512_seed0,random_64,24,3,,complete,False,0.47389492218998996,1.0832256149384105,0.47389492218998996,0.07426110020644712,31191993198,-0.04030030962440643,T512_seed0_repeat3_M24_random_64
T512_seed0,two_hessian,3,4,,complete,False,0.4926268118917093,1.0832256149384105,0.4926268118917093,0.06743077351277534,31191992508,-0.04524008221318137,T512_seed0_repeat4_M3_two_hessian
T512_seed0,best_single,3,4,,complete,False,0.48656576883224545,1.0832256149384107,0.48656576883224545,0.06807443610601438,31191992568,-0.04644893140771819,T512_seed0_repeat4_M3_best_single
T512_seed0,random_1,3,4,,complete,False,0.48273922883741693,1.0832256149384105,0.48273922883741693,0.0763420680451737,31191992568,-0.028290404235793782,T512_seed0_repeat4_M3_random_1
T512_seed0,random_64,3,4,,complete,False,0.4698523603071073,1.0832256149384105,0.4698523603071073,0.07753270322077234,31191992568,-0.037791363672366816,T512_seed0_repeat4_M3_random_64
T512_seed0,two_hessian,6,4,,complete,False,0.4926268118917093,1.0832256149384105,0.4926268118917093,0.06743077351277534,31191992508,-0.04524008221318137,T512_seed0_repeat4_M6_two_hessian
T512_seed0,best_single,6,4,,complete,False,0.4712111099533033,1.0832256149384107,0.4712111099533033,0.07543676702924529,31191992658,-0.040499838598075405,T512_seed0_repeat4_M6_best_single
T512_seed0,random_1,6,4,,complete,False,0.4664158283570492,1.0832256149384099,0.4664158283570492,0.07543365862982122,31191992658,-0.04120994451276318,T512_seed0_repeat4_M6_random_1
T512_seed0,random_64,6,4,,complete,False,0.47666448678813783,1.08322561493841,0.47666448678813783,0.07468916196507226,31191992658,-0.03886171876113358,T512_seed0_repeat4_M6_random_64
T512_seed0,two_hessian,12,4,,complete,False,0.4926268118917093,1.0832256149384105,0.4926268118917093,0.06743077351277534,31191992508,-0.04524008221318137,T512_seed0_repeat4_M12_two_hessian
T512_seed0,best_single,12,4,,complete,False,0.4712111099533033,1.0832256149384107,0.4712111099533033,0.07543676702924529,31191992838,-0.040499838598075405,T512_seed0_repeat4_M12_best_single
T512_seed0,random_1,12,4,,complete,False,0.46748923770230255,1.0832256149384103,0.46748923770230255,0.07931065439141491,31191992838,-0.0377426985841693,T512_seed0_repeat4_M12_random_1
T512_seed0,random_64,12,4,,complete,False,0.47825019615182507,1.0832256149384096,0.47825019615182507,0.07408287960711335,31191992838,-0.03909602145748355,T512_seed0_repeat4_M12_random_64
T512_seed0,random_8,12,4,,complete,False,0.4739505231195704,1.0832256149384094,0.4739505231195704,0.07468846303981787,31191992838,-0.04007142330445273,T512_seed0_repeat4_M12_random_8
T512_seed0,random_32,12,4,,complete,False,0.476100669456216,1.0832256149384114,0.476100669456216,0.0750395865336507,31191992838,-0.03914751095762187,T512_seed0_repeat4_M12_random_32
T512_seed0,two_hessian,24,4,,complete,False,0.4926268118917093,1.0832256149384105,0.4926268118917093,0.06743077351277534,31191992508,-0.04524008221318137,T512_seed0_repeat4_M24_two_hessian
T512_seed0,best_single,24,4,,complete,False,0.4712111099533033,1.0832256149384107,0.4712111099533033,0.07543676702924529,31191993198,-0.040499838598075405,T512_seed0_repeat4_M24_best_single
T512_seed0,random_1,24,4,,complete,False,0.47585582346695465,1.08322561493841,0.47585582346695465,0.0757335599435794,31191993198,-0.03952586708691116,T512_seed0_repeat4_M24_random_1
T512_seed0,random_64,24,4,,complete,False,0.4871604611037644,1.083225614938411,0.4871604611037644,0.0709084101386427,31191993198,-0.040891962825143964,T512_seed0_repeat4_M24_random_64
T512_seed0,random_64_gaussian_ols,12,0,0,complete,False,0.22117799139202965,0.9608180368170283,0.22117799139202965,0.008192039099988632,31193041414,-0.03988677821766305,T512_seed0_repeat0_M12_random_64_OLS0
T512_seed0,random_64_gaussian_ols_abs,12,0,0,complete,False,0.17928723717454081,1.0558582344452605,0.17928723717454081,0.008169767873760002,31193041414,0.03693994725092353,T512_seed0_repeat0_M12_random_64_OLS0_abs
T512_seed0,random_64_gaussian_ols,12,1,0,complete,False,0.2168956527598883,0.9615729363432877,0.2168956527598883,0.008192487762960977,31193041414,-0.04034019150144781,T512_seed0_repeat1_M12_random_64_OLS0
T512_seed0,random_64_gaussian_ols_abs,12,1,0,complete,False,0.17623030344470014,1.0578245554247896,0.17623030344470014,0.008169980041033222,31193041414,0.03732851279242636,T512_seed0_repeat1_M12_random_64_OLS0_abs
T512_seed0,random_64_gaussian_ols,12,2,0,complete,False,0.21383443560502802,0.9625394992057243,0.21383443560502802,0.008192128461486356,31193041414,-0.03786562740517666,T512_seed0_repeat2_M12_random_64_OLS0
T512_seed0,random_64_gaussian_ols_abs,12,2,0,complete,False,0.1750997393325125,1.053459047802422,0.1750997393325125,0.008170837489683969,31193041414,0.03519989517442458,T512_seed0_repeat2_M12_random_64_OLS0_abs
T512_seed0,random_64_gaussian_ols,12,3,0,complete,False,0.2070948961581302,0.9635504292468366,0.2070948961581302,0.008193207254350398,31193041414,-0.04004412607853327,T512_seed0_repeat3_M12_random_64_OLS0
T512_seed0,random_64_gaussian_ols_abs,12,3,0,complete,False,0.16982259334281552,1.0596506644662604,0.16982259334281552,0.008170813128248498,31193041414,0.03707486494604522,T512_seed0_repeat3_M12_random_64_OLS0_abs
T512_seed0,random_64_gaussian_ols,12,4,0,complete,False,0.21307611440348562,0.9621779427274781,0.21307611440348562,0.008192546450576961,31193041414,-0.03909602145748355,T512_seed0_repeat4_M12_random_64_OLS0
T512_seed0,random_64_gaussian_ols_abs,12,4,0,complete,False,0.1714016207948617,1.0554627068335778,0.1714016207948617,0.00817067840399755,31193041414,0.03626072156105395,T512_seed0_repeat4_M12_random_64_OLS0_abs
T512_seed0,random_64_gaussian_ols,12,0,1,complete,False,0.21604705557772508,1.0090099348897756,0.21604705557772508,0.009244558666033683,31193041414,-0.03988677821766305,T512_seed0_repeat0_M12_random_64_OLS1
T512_seed0,random_64_gaussian_ols_abs,12,0,1,complete,False,0.16713042452091087,1.102838099401882,0.16713042452091087,0.009221020209960525,31193041414,0.03693994725092353,T512_seed0_repeat0_M12_random_64_OLS1_abs
T512_seed0,random_64_gaussian_ols,12,1,1,complete,False,0.21139682091483497,1.0099600318780957,0.21139682091483497,0.009243989807902704,31193041414,-0.04034019150144781,T512_seed0_repeat1_M12_random_64_OLS1
T512_seed0,random_64_gaussian_ols_abs,12,1,1,complete,False,0.16370062802170515,1.104985385027567,0.16370062802170515,0.009220211725203077,31193041414,0.03732851279242636,T512_seed0_repeat1_M12_random_64_OLS1_abs
T512_seed0,random_64_gaussian_ols,12,2,1,complete,False,0.20848919578846353,1.0106697452406275,0.20848919578846353,0.009242971450148824,31193041414,-0.03786562740517666,T512_seed0_repeat2_M12_random_64_OLS1
T512_seed0,random_64_gaussian_ols_abs,12,2,1,complete,False,0.16272640668940902,1.1004343857200098,0.16272640668940902,0.009220505957918549,31193041414,0.03519989517442458,T512_seed0_repeat2_M12_random_64_OLS1_abs
T512_seed0,random_64_gaussian_ols,12,3,1,complete,False,0.20095385514126052,1.0121959877491045,0.20095385514126052,0.009242420925639119,31193041414,-0.04004412607853327,T512_seed0_repeat3_M12_random_64_OLS1
T512_seed0,random_64_gaussian_ols_abs,12,3,1,complete,False,0.1566422831283485,1.107076085998758,0.1566422831283485,0.009218797339019758,31193041414,0.03707486494604522,T512_seed0_repeat3_M12_random_64_OLS1_abs
T512_seed0,random_64_gaussian_ols,12,4,1,complete,False,0.20737145999681633,1.0106147023799932,0.20737145999681633,0.009242738950596538,31193041414,-0.03909602145748355,T512_seed0_repeat4_M12_random_64_OLS1
T512_seed0,random_64_gaussian_ols_abs,12,4,1,complete,False,0.1586732122250285,1.1027103330915087,0.1586732122250285,0.009219631915905298,31193041414,0.03626072156105395,T512_seed0_repeat4_M12_random_64_OLS1_abs
T512_seed0,random_64_gaussian_ols,12,0,2,complete,False,0.1714174967165169,0.9675810614082638,0.1714174967165169,0.007747945196037273,31193041414,-0.03988677821766305,T512_seed0_repeat0_M12_random_64_OLS2
T512_seed0,random_64_gaussian_ols_abs,12,0,2,complete,False,0.13847346278903683,1.0635268967276437,0.13847346278903683,0.007725510292731273,31193041414,0.03693994725092353,T512_seed0_repeat0_M12_random_64_OLS2_abs
T512_seed0,random_64_gaussian_ols,12,1,2,complete,False,0.16699179755477334,0.9686433476671505,0.16699179755477334,0.007747018252117008,31193041414,-0.04034019150144781,T512_seed0_repeat1_M12_random_64_OLS2
T512_seed0,random_64_gaussian_ols_abs,12,1,2,complete,False,0.135294341315508,1.0658126121984972,0.135294341315508,0.007724359207985353,31193041414,0.03732851279242636,T512_seed0_repeat1_M12_random_64_OLS2_abs
T512_seed0,random_64_gaussian_ols,12,2,2,complete,False,0.1640740208825499,0.9695628954635342,0.1640740208825499,0.007745570652275022,31193041414,-0.03786562740517666,T512_seed0_repeat2_M12_random_64_OLS2
T512_seed0,random_64_gaussian_ols_abs,12,2,2,complete,False,0.1343595026811762,1.061351665396786,0.1343595026811762,0.0077241644797935985,31193041414,0.03519989517442458,T512_seed0_repeat2_M12_random_64_OLS2_abs
T512_seed0,random_64_gaussian_ols,12,3,2,complete,False,0.15697881745936654,0.9711964955454833,0.15697881745936654,0.007744556605461994,31193041414,-0.04004412607853327,T512_seed0_repeat3_M12_random_64_OLS2
T512_seed0,random_64_gaussian_ols_abs,12,3,2,complete,False,0.12874244083790903,1.0682151110175904,0.12874244083790903,0.007722054319319796,31193041414,0.03707486494604522,T512_seed0_repeat3_M12_random_64_OLS2_abs
T512_seed0,random_64_gaussian_ols,12,4,2,complete,False,0.1631349058793436,0.9694370691289311,0.1631349058793436,0.007745102726681775,31193041414,-0.03909602145748355,T512_seed0_repeat4_M12_random_64_OLS2
T512_seed0,random_64_gaussian_ols_abs,12,4,2,complete,False,0.13041583631188186,1.0636112441960381,0.13041583631188186,0.007723078193458555,31193041414,0.03626072156105395,T512_seed0_repeat4_M12_random_64_OLS2_abs
T512_seed0,random_64_gaussian_ols,12,0,3,complete,False,0.2207708085915172,0.9315179806253504,0.2207708085915172,0.009650622434940402,31193041414,-0.03988677821766305,T512_seed0_repeat0_M12_random_64_OLS3
T512_seed0,random_64_gaussian_ols_abs,12,0,3,complete,False,0.16253761062063915,1.0235428521036556,0.16253761062063915,0.009670187839404081,31193041414,0.03693994725092353,T512_seed0_repeat0_M12_random_64_OLS3_abs
T512_seed0,random_64_gaussian_ols,12,1,3,complete,False,0.21660189473193303,0.9322759576452846,0.21660189473193303,0.0096493379020768,31193041414,-0.04034019150144781,T512_seed0_repeat1_M12_random_64_OLS3
T512_seed0,random_64_gaussian_ols_abs,12,1,3,complete,False,0.15956651696693447,1.0254744778433749,0.15956651696693447,0.009669154974357627,31193041414,0.03732851279242636,T512_seed0_repeat1_M12_random_64_OLS3_abs
T512_seed0,random_64_gaussian_ols,12,2,3,complete,False,0.2136248243099157,0.9332278711788067,0.2136248243099157,0.00964997748478722,31193041414,-0.03786562740517666,T512_seed0_repeat2_M12_random_64_OLS3
T512_seed0,random_64_gaussian_ols_abs,12,2,3,complete,False,0.15849709584900618,1.0212658777065349,0.15849709584900618,0.009668582194430456,31193041414,0.03519989517442458,T512_seed0_repeat2_M12_random_64_OLS3_abs
T512_seed0,random_64_gaussian_ols,12,3,3,complete,False,0.207061347389412,0.9342518584751038,0.207061347389412,0.00964717629761903,31193041414,-0.04004412607853327,T512_seed0_repeat3_M12_random_64_OLS3
T512_seed0,random_64_gaussian_ols_abs,12,3,3,complete,False,0.15335281235617398,1.0273063732317325,0.15335281235617398,0.00966690726495484,31193041414,0.03707486494604522,T512_seed0_repeat3_M12_random_64_OLS3_abs
T512_seed0,random_64_gaussian_ols,12,4,3,complete,False,0.21289011430974109,0.9328805767523201,0.21289011430974109,0.009648398549086976,31193041414,-0.03909602145748355,T512_seed0_repeat4_M12_random_64_OLS3
T512_seed0,random_64_gaussian_ols_abs,12,4,3,complete,False,0.15487370596291006,1.0232062514990254,0.15487370596291006,0.009667582283461588,31193041414,0.03626072156105395,T512_seed0_repeat4_M12_random_64_OLS3_abs
T512_seed0,random_64_gaussian_ols,12,0,4,complete,False,0.16505405847251486,0.9721679275501778,0.16505405847251486,0.008240056954443555,31193041414,-0.03988677821766305,T512_seed0_repeat0_M12_random_64_OLS4
T512_seed0,random_64_gaussian_ols_abs,12,0,4,complete,False,0.13247472219976225,1.0682599504608226,0.13247472219976225,0.00822022047747248,31193041414,0.03693994725092353,T512_seed0_repeat0_M12_random_64_OLS4_abs
T512_seed0,random_64_gaussian_ols,12,1,4,complete,False,0.1605727559638518,0.9733097954640768,0.1605727559638518,0.008240503763540631,31193041414,-0.04034019150144781,T512_seed0_repeat1_M12_random_64_OLS4
T512_seed0,random_64_gaussian_ols_abs,12,1,4,complete,False,0.1292447633630342,1.0706278424650504,0.1292447633630342,0.00822047186467484,31193041414,0.03732851279242636,T512_seed0_repeat1_M12_random_64_OLS4_abs
T512_seed0,random_64_gaussian_ols,12,2,4,complete,False,0.15768596143914576,0.9742106951406795,0.15768596143914576,0.008239023557476684,31193041414,-0.03786562740517666,T512_seed0_repeat2_M12_random_64_OLS4
T512_seed0,random_64_gaussian_ols_abs,12,2,4,complete,False,0.12834683932179042,1.0661406237797002,0.12834683932179042,0.008220073663460939,31193041414,0.03519989517442458,T512_seed0_repeat2_M12_random_64_OLS4_abs
T512_seed0,random_64_gaussian_ols,12,3,4,complete,False,0.15046518604041875,0.9760090693629,0.15046518604041875,0.008240683184640071,31193041414,-0.04004412607853327,T512_seed0_repeat3_M12_random_64_OLS4
T512_seed0,random_64_gaussian_ols_abs,12,3,4,complete,False,0.12261074522532794,1.0731780064585728,0.12261074522532794,0.008220782039125168,31193041414,0.03707486494604522,T512_seed0_repeat3_M12_random_64_OLS4_abs
T512_seed0,random_64_gaussian_ols,12,4,4,complete,False,0.1566850074768676,0.9741598809240664,0.1566850074768676,0.008239897355075337,31193041414,-0.03909602145748355,T512_seed0_repeat4_M12_random_64_OLS4
T512_seed0,random_64_gaussian_ols_abs,12,4,4,complete,False,0.12433105399468647,1.068477667137766,0.12433105399468647,0.008220418958301702,31193041414,0.03626072156105395,T512_seed0_repeat4_M12_random_64_OLS4_abs
T512_seed1,two_hessian,3,0,,complete,False,1.4626198404554416,1.648192969624981,5.046035681616077,2.715166758726856,31191992508,-3.505982473666129,T512_seed1_repeat0_M3_two_hessian
T512_seed1,best_single,3,0,,complete,False,1.4626198404554416,1.648192969624981,5.046035681616077,2.715166758726856,31191992568,-3.505982473666129,T512_seed1_repeat0_M3_best_single
T512_seed1,random_1,3,0,,complete,False,1.5297742834159418,1.648192969624983,7.436867752169181,5.981696273665347,31191992568,-5.069792630107468,T512_seed1_repeat0_M3_random_1
T512_seed1,random_64,3,0,,complete,False,1.5073185764524006,1.6481929696249802,3.557032093697943,1.6794904890851632,31191992568,-2.407321623779951,T512_seed1_repeat0_M3_random_64
T512_seed1,two_hessian,6,0,,complete,False,1.4626198404554416,1.648192969624981,5.046035681616077,2.715166758726856,31191992508,-3.505982473666129,T512_seed1_repeat0_M6_two_hessian
T512_seed1,best_single,6,0,,complete,False,1.5301865766656166,1.6481929696249804,2.6247350048160234,1.3419061116040107,31191992658,-1.550331369416602,T512_seed1_repeat0_M6_best_single
T512_seed1,random_1,6,0,,complete,False,1.58368378038116,1.64819296962498,2.013858590916348,1.2507074787068884,31191992658,-1.3624063642113906,T512_seed1_repeat0_M6_random_1
T512_seed1,random_64,6,0,,complete,False,1.5017565680281928,1.648192969624982,3.631748791509143,1.723492104630463,31191992658,-2.4681809869049247,T512_seed1_repeat0_M6_random_64
T512_seed1,two_hessian,12,0,,complete,False,1.4626198404554416,1.648192969624981,5.046035681616077,2.715166758726856,31191992508,-3.505982473666129,T512_seed1_repeat0_M12_two_hessian
T512_seed1,best_single,12,0,,complete,False,1.5301865766656166,1.6481929696249804,2.6247350048160234,1.3419061116040107,31191992838,-1.550331369416602,T512_seed1_repeat0_M12_best_single
T512_seed1,random_1,12,0,,complete,False,1.517948015129308,1.6481929696249824,2.5114207883573543,1.3938925808487745,31191992838,-1.654354610862663,T512_seed1_repeat0_M12_random_1
T512_seed1,random_64,12,0,,complete,False,1.517948015129308,1.6481929696249824,2.5114207883573543,1.3938925808487745,31191992838,-1.654354610862663,T512_seed1_repeat0_M12_random_64
T512_seed1,random_8,12,0,,complete,False,1.517948015129308,1.6481929696249824,2.5114207883573543,1.3938925808487745,31191992838,-1.654354610862663,T512_seed1_repeat0_M12_random_8
T512_seed1,random_32,12,0,,complete,False,1.517948015129308,1.6481929696249824,2.5114207883573543,1.3938925808487745,31191992838,-1.654354610862663,T512_seed1_repeat0_M12_random_32
T512_seed1,two_hessian,24,0,,complete,False,1.4626198404554416,1.648192969624981,5.046035681616077,2.715166758726856,31191992508,-3.505982473666129,T512_seed1_repeat0_M24_two_hessian
T512_seed1,best_single,24,0,,complete,False,1.5489367306220583,1.6481929696249804,5.221734005821539,2.47045101432864,31191993198,-3.3457588380737926,T512_seed1_repeat0_M24_best_single
T512_seed1,random_1,24,0,,complete,False,1.578416795806138,1.6481929696249809,2.6517104182505236,1.3604158932787318,31191993198,-1.8539215203479142,T512_seed1_repeat0_M24_random_1
T512_seed1,random_64,24,0,,complete,False,1.511619165215497,1.6481929696249809,2.7837449357834085,1.4563566741578917,31191993198,-1.8604694412842582,T512_seed1_repeat0_M24_random_64
T512_seed1,two_hessian,3,1,,complete,False,1.5305301995388787,1.6481929696249806,2.8274973513415986,1.3617267613025297,31191992508,-1.6418263296279574,T512_seed1_repeat1_M3_two_hessian
T512_seed1,best_single,3,1,,complete,False,1.5305301995388787,1.6481929696249806,2.8274973513415986,1.3617267613025297,31191992568,-1.6418263296279574,T512_seed1_repeat1_M3_best_single
T512_seed1,random_1,3,1,,complete,False,1.308109294452996,1.6481929696249815,2.2139864802633604,1.9080423001274862,31191992568,-1.4767035589214246,T512_seed1_repeat1_M3_random_1
T512_seed1,random_64,3,1,,complete,False,1.4992082331122407,1.648192969624981,2.3011028477094166,1.404103156194964,31191992568,-1.5176184199298988,T512_seed1_repeat1_M3_random_64
T512_seed1,two_hessian,6,1,,complete,False,1.5305301995388787,1.6481929696249806,2.8274973513415986,1.3617267613025297,31191992508,-1.6418263296279574,T512_seed1_repeat1_M6_two_hessian
T512_seed1,best_single,6,1,,complete,False,1.5522273402254272,1.64819296962498,7.958911171496721,7.0479650466638555,31191992658,-4.539360959214885,T512_seed1_repeat1_M6_best_single
T512_seed1,random_1,6,1,,complete,False,1.6695544993476399,1.6481929696249809,2.8738151598496473,1.2549173446119464,31191992658,-1.9718124852694472,T512_seed1_repeat1_M6_random_1
T512_seed1,random_64,6,1,,complete,False,1.5167127262620208,1.6481929696249815,3.3269795380369924,1.5811505590080719,31191992658,-2.239745091113979,T512_seed1_repeat1_M6_random_64
T512_seed1,two_hessian,12,1,,complete,False,1.5305301995388787,1.6481929696249806,2.8274973513415986,1.3617267613025297,31191992508,-1.6418263296279574,T512_seed1_repeat1_M12_two_hessian
T512_seed1,best_single,12,1,,complete,False,1.547497115143758,1.6481929696249817,5.143401456516583,2.4247695837613756,31191992838,-3.332134588222273,T512_seed1_repeat1_M12_best_single
T512_seed1,random_1,12,1,,complete,False,1.536624746136129,1.64819296962498,3.3188033748919303,1.2680767217248219,31191992838,-2.5433601187497494,T512_seed1_repeat1_M12_random_1
T512_seed1,random_64,12,1,,complete,False,1.5158267648629988,1.648192969624979,2.7281904290631585,1.4403731887369458,31191992838,-1.8260553585495969,T512_seed1_repeat1_M12_random_64
T512_seed1,random_8,12,1,,complete,False,1.5106273054923334,1.6481929696249822,2.526954152100031,1.4113133376382185,31191992838,-1.6717633567033237,T512_seed1_repeat1_M12_random_8
T512_seed1,random_32,12,1,,complete,False,1.5399305074064737,1.648192969624981,3.3997003186050674,1.5609281913883613,31191992838,-2.289859696112083,T512_seed1_repeat1_M12_random_32
T512_seed1,two_hessian,24,1,,complete,False,1.5305301995388787,1.6481929696249806,2.8274973513415986,1.3617267613025297,31191992508,-1.6418263296279574,T512_seed1_repeat1_M24_two_hessian
T512_seed1,best_single,24,1,,complete,False,1.547497115143758,1.6481929696249817,5.143401456516583,2.4247695837613756,31191993198,-3.332134588222273,T512_seed1_repeat1_M24_best_single
T512_seed1,random_1,24,1,,complete,False,1.4156351279941275,1.6481929696249782,2.5534373613346113,1.589638016384645,31191993198,-1.709345824764621,T512_seed1_repeat1_M24_random_1
T512_seed1,random_64,24,1,,complete,False,1.5198677501524824,1.6481929696249815,3.27708547335297,1.5655557475437871,31191993198,-2.214150235894626,T512_seed1_repeat1_M24_random_64
T512_seed1,two_hessian,3,2,,complete,False,1.5315970031491564,1.6481929696249806,2.6800734622976723,1.3561360450327218,31191992508,-1.6364026760391999,T512_seed1_repeat2_M3_two_hessian
T512_seed1,best_single,3,2,,complete,False,1.5643184210022194,1.6481929696249813,9.63334612420433,18.203446529443415,31191992568,-7.299732332990946,T512_seed1_repeat2_M3_best_single
T512_seed1,random_1,3,2,,complete,False,1.529927573166702,1.648192969624983,2.5497977661172793,1.3219168714165301,31191992568,-1.4152197128795705,T512_seed1_repeat2_M3_random_1
T512_seed1,random_64,3,2,,complete,False,1.511000746125399,1.6481929696249809,4.106479748826432,1.923202801032277,31191992568,-2.80451428274536,T512_seed1_repeat2_M3_random_64
T512_seed1,two_hessian,6,2,,complete,False,1.5315970031491564,1.6481929696249806,2.6800734622976723,1.3561360450327218,31191992508,-1.6364026760391999,T512_seed1_repeat2_M6_two_hessian
T512_seed1,best_single,6,2,,complete,False,1.5496015333260793,1.6481929696249806,5.305004515514299,2.509451892522345,31191992658,-3.3124324827458818,T512_seed1_repeat2_M6_best_single
T512_seed1,random_1,6,2,,complete,False,1.54146080109048,1.64819296962498,1.54146080109048,1.3255055772374587,31191992658,-0.8755901049378841,T512_seed1_repeat2_M6_random_1
T512_seed1,random_64,6,2,,complete,False,1.535928943178479,1.6481929696249826,3.577914083643307,1.6266006818909946,31191992658,-2.4101712266658852,T512_seed1_repeat2_M6_random_64
T512_seed1,two_hessian,12,2,,complete,False,1.5315970031491564,1.6481929696249806,2.6800734622976723,1.3561360450327218,31191992508,-1.6364026760391999,T512_seed1_repeat2_M12_two_hessian
T512_seed1,best_single,12,2,,complete,False,1.5496015333260793,1.6481929696249806,5.305004515514299,2.509451892522345,31191992838,-3.3124324827458818,T512_seed1_repeat2_M12_best_single
T512_seed1,random_1,12,2,,complete,False,1.4093298924977748,1.6481929696249824,5.811441571667993,3.6335087221368063,31191992838,-4.034572945218649,T512_seed1_repeat2_M12_random_1
T512_seed1,random_64,12,2,,complete,False,1.5090314730607892,1.648192969624982,4.405155564234106,2.0979274369190826,31191992838,-3.0148159427624006,T512_seed1_repeat2_M12_random_64
T512_seed1,random_8,12,2,,complete,False,1.6078544154503662,1.6481929696249809,3.429002589090638,1.4855349138683258,31191992838,-2.3647807027908048,T512_seed1_repeat2_M12_random_8
T512_seed1,random_32,12,2,,complete,False,1.5090314730607892,1.648192969624982,4.405155564234106,2.0979274369190826,31191992838,-3.0148159427624006,T512_seed1_repeat2_M12_random_32
T512_seed1,two_hessian,24,2,,complete,False,1.5315970031491564,1.6481929696249806,2.6800734622976723,1.3561360450327218,31191992508,-1.6364026760391999,T512_seed1_repeat2_M24_two_hessian
T512_seed1,best_single,24,2,,complete,False,1.5496015333260793,1.6481929696249806,5.305004515514299,2.509451892522345,31191993198,-3.3124324827458818,T512_seed1_repeat2_M24_best_single
T512_seed1,random_1,24,2,,complete,False,1.5132341184775486,1.6481929696249809,1.9395134802387666,1.3350022098060106,31191993198,-1.1868336573397862,T512_seed1_repeat2_M24_random_1
T512_seed1,random_64,24,2,,complete,False,1.5494834610105945,1.6481929696249797,2.7415384103513705,1.3834873094936964,31191993198,-1.8352340844814417,T512_seed1_repeat2_M24_random_64
T512_seed1,two_hessian,3,3,,complete,False,1.4648332451664356,1.6481929696249795,2.3385222661963914,1.4735727490781498,31191992508,-1.5586265444232204,T512_seed1_repeat3_M3_two_hessian
T512_seed1,best_single,3,3,,complete,False,1.5309822928502252,1.6481929696249786,3.2497335125536186,1.4275410562284616,31191992568,-1.8340255025932428,T512_seed1_repeat3_M3_best_single
T512_seed1,random_1,3,3,,complete,False,1.5600906030664081,1.64819296962498,3.9076082094981452,1.9175897077304582,31191992568,-2.8405569808886955,T512_seed1_repeat3_M3_random_1
T512_seed1,random_64,3,3,,complete,False,1.5781529902897455,1.6481929696249809,2.715677554429614,1.361074905915868,31191992568,-1.8794291936976866,T512_seed1_repeat3_M3_random_64
T512_seed1,two_hessian,6,3,,complete,False,1.4648332451664356,1.6481929696249795,2.3385222661963914,1.4735727490781498,31191992508,-1.5586265444232204,T512_seed1_repeat3_M6_two_hessian
T512_seed1,best_single,6,3,,complete,False,1.5309822928502252,1.6481929696249786,3.2497335125536186,1.4275410562284616,31191992658,-1.8340255025932428,T512_seed1_repeat3_M6_best_single
T512_seed1,random_1,6,3,,complete,False,1.8060951750538219,1.6481929696249822,2.745475916477528,1.566821675718268,31191992658,-1.8539321066344452,T512_seed1_repeat3_M6_random_1
T512_seed1,random_64,6,3,,complete,False,1.5073816550714534,1.6481929696249793,2.326364460930378,1.3919702304285184,31191992658,-1.5333652228828902,T512_seed1_repeat3_M6_random_64
T512_seed1,two_hessian,12,3,,complete,False,1.4648332451664356,1.6481929696249795,2.3385222661963914,1.4735727490781498,31191992508,-1.5586265444232204,T512_seed1_repeat3_M12_two_hessian
T512_seed1,best_single,12,3,,complete,False,1.5514018808207377,1.64819296962498,9.894583597053114,14.732538179026884,31191992838,-5.454312476586206,T512_seed1_repeat3_M12_best_single
T512_seed1,random_1,12,3,,complete,False,1.529379704048838,1.6481929696249795,4.725547250004406,2.232608276035183,31191992838,-3.1932585213301543,T512_seed1_repeat3_M12_random_1
T512_seed1,random_64,12,3,,complete,False,1.5953430869761935,1.6481929696249824,2.9032598470875777,1.3547173685562548,31191992838,-1.982375925946746,T512_seed1_repeat3_M12_random_64
T512_seed1,random_8,12,3,,complete,False,1.5866962702901461,1.64819296962498,2.3800855758350425,1.2947615765386011,31191992838,-1.646521513736037,T512_seed1_repeat3_M12_random_8
T512_seed1,random_32,12,3,,complete,False,1.5953430869761935,1.6481929696249824,2.9032598470875777,1.3547173685562548,31191992838,-1.982375925946746,T512_seed1_repeat3_M12_random_32
T512_seed1,two_hessian,24,3,,complete,False,1.4648332451664356,1.6481929696249795,2.3385222661963914,1.4735727490781498,31191992508,-1.5586265444232204,T512_seed1_repeat3_M24_two_hessian
T512_seed1,best_single,24,3,,complete,False,1.5514018808207377,1.64819296962498,9.894583597053114,14.732538179026884,31191993198,-5.454312476586206,T512_seed1_repeat3_M24_best_single
T512_seed1,random_1,24,3,,complete,False,1.6012233833917073,1.6481929696249815,1.6012233833917073,1.2516384939188352,31191993198,-0.166162883307576,T512_seed1_repeat3_M24_random_1
T512_seed1,random_64,24,3,,complete,False,1.5248944106193432,1.6481929696249815,3.924590939980853,1.8070994172387014,31191993198,-2.67764653675483,T512_seed1_repeat3_M24_random_64
T512_seed1,two_hessian,3,4,,complete,False,1.6008094194715332,1.6481929696249822,2.448539653721959,1.2709782108772734,31191992508,-1.6723120415176125,T512_seed1_repeat4_M3_two_hessian
T512_seed1,best_single,3,4,,complete,False,1.552168089437608,1.6481929696249822,374.50469981703714,22005381.208336316,31191992568,-183.48535892721034,T512_seed1_repeat4_M3_best_single
T512_seed1,random_1,3,4,,complete,False,1.5766505154104395,1.6481929696249813,2.2062436599831177,1.2905648978551072,31191992568,-1.5253110608877292,T512_seed1_repeat4_M3_random_1
T512_seed1,random_64,3,4,,complete,False,1.5169651993709854,1.6481929696249813,2.2228609089786318,1.363290182884137,31191992568,-1.4568808455355473,T512_seed1_repeat4_M3_random_64
T512_seed1,two_hessian,6,4,,complete,False,1.6008094194715332,1.6481929696249822,2.448539653721959,1.2709782108772734,31191992508,-1.6723120415176125,T512_seed1_repeat4_M6_two_hessian
T512_seed1,best_single,6,4,,complete,False,1.552168089437608,1.6481929696249822,374.50469981703714,22005381.208336316,31191992658,-183.48535892721034,T512_seed1_repeat4_M6_best_single
T512_seed1,random_1,6,4,,complete,False,1.552641499763571,1.6481929696249806,1.552641499763571,1.3023944691603617,31191992658,-0.6350396176031311,T512_seed1_repeat4_M6_random_1
T512_seed1,random_64,6,4,,complete,False,1.52739889594356,1.648192969624982,3.384759387579848,1.5817443475734279,31191992658,-2.2840068355243495,T512_seed1_repeat4_M6_random_64
T512_seed1,two_hessian,12,4,,complete,False,1.6008094194715332,1.6481929696249822,2.448539653721959,1.2709782108772734,31191992508,-1.6723120415176125,T512_seed1_repeat4_M12_two_hessian
T512_seed1,best_single,12,4,,complete,False,1.5674233150925767,1.6481929696249829,4.80214636856989,2.562005339363236,31191992838,-3.508734101983146,T512_seed1_repeat4_M12_best_single
T512_seed1,random_1,12,4,,complete,False,1.628008070813142,1.648192969624982,4.210718472234569,1.8160358298255106,31191992838,-2.942033518807287,T512_seed1_repeat4_M12_random_1
T512_seed1,random_64,12,4,,complete,False,1.5122503721961371,1.6481929696249809,3.1295224639205976,1.5407999906385994,31191992838,-2.115938491653874,T512_seed1_repeat4_M12_random_64
T512_seed1,random_8,12,4,,complete,False,1.4969583657962537,1.6481929696249815,4.448342352111041,2.161644463939915,31191992838,-3.058876699902329,T512_seed1_repeat4_M12_random_8
T512_seed1,random_32,12,4,,complete,False,1.5122503721961371,1.6481929696249809,3.1295224639205976,1.5407999906385994,31191992838,-2.115938491653874,T512_seed1_repeat4_M12_random_32
T512_seed1,two_hessian,24,4,,complete,False,1.6008094194715332,1.6481929696249822,2.448539653721959,1.2709782108772734,31191992508,-1.6723120415176125,T512_seed1_repeat4_M24_two_hessian
T512_seed1,best_single,24,4,,complete,False,1.5503237171018451,1.6481929696249817,5.839499874517831,3.0263915284079883,31191993198,-3.5241792474159555,T512_seed1_repeat4_M24_best_single
T512_seed1,random_1,24,4,,complete,False,1.648043938022316,1.6481929696249815,3.848015024107675,1.6052745501968044,31191993198,-2.6856475388114296,T512_seed1_repeat4_M24_random_1
T512_seed1,random_64,24,4,,complete,False,1.505334305254051,1.648192969624982,2.8988372394780537,1.4965383936364367,31191993198,-1.952524333682119,T512_seed1_repeat4_M24_random_64
T512_seed1,random_64_gaussian_ols,12,0,0,complete,False,0.4433580521352848,0.6833338945008502,2.5114207883573543,0.04626043249849464,31193041414,-1.654354610862663,T512_seed1_repeat0_M12_random_64_OLS0
T512_seed1,random_64_gaussian_ols_abs,12,0,0,complete,False,0.5490872197135286,1.5490872197135286,0.5490872197135286,0.0441696996925669,31193041414,0.025066467269066497,T512_seed1_repeat0_M12_random_64_OLS0_abs
T512_seed1,random_64_gaussian_ols,12,1,0,complete,False,0.4309647870062176,0.676763438443544,2.7281904290631585,0.04642633228806721,31193041414,-1.8260553585495969,T512_seed1_repeat1_M12_random_64_OLS0
T512_seed1,random_64_gaussian_ols_abs,12,1,0,complete,False,0.6180328560207214,1.6180328560207213,0.6180328560207214,0.04409689534659636,31193041414,0.02458356232236411,T512_seed1_repeat1_M12_random_64_OLS0_abs
T512_seed1,random_64_gaussian_ols,12,2,0,complete,False,0.38286953753430125,0.6487230374587588,4.405155564234106,0.04701460615343645,31193041414,-3.0148159427624006,T512_seed1_repeat2_M12_random_64_OLS0
T512_seed1,random_64_gaussian_ols_abs,12,2,0,complete,False,0.7404496725331704,1.7404496725331704,0.7404496725331704,0.0438195490597431,31193041414,0.023080096579748237,T512_seed1_repeat2_M12_random_64_OLS0_abs
T512_seed1,random_64_gaussian_ols,12,3,0,complete,False,0.5303398713024285,0.6002276512781171,2.9032598470875777,0.04666117572542955,31193041414,-1.982375925946746,T512_seed1_repeat3_M12_random_64_OLS0
T512_seed1,random_64_gaussian_ols_abs,12,3,0,complete,False,0.8259927635798343,1.825992763579834,0.8259927635798343,0.04405132238244891,31193041414,0.03789368855790488,T512_seed1_repeat3_M12_random_64_OLS0_abs
T512_seed1,random_64_gaussian_ols,12,4,0,complete,False,0.41417572922664714,0.6697268435675796,3.1295224639205976,0.046609619345341066,31193041414,-2.115938491653874,T512_seed1_repeat4_M12_random_64_OLS0
T512_seed1,random_64_gaussian_ols_abs,12,4,0,complete,False,0.6669949626867315,1.6669949626867315,0.6669949626867315,0.044004589159029356,31193041414,0.02387257838344073,T512_seed1_repeat4_M12_random_64_OLS0_abs
T512_seed1,random_64_gaussian_ols,12,0,1,complete,False,0.39529589870177795,0.6047041012982219,2.5114207883573543,0.05305792409485737,31193041414,-1.654354610862663,T512_seed1_repeat0_M12_random_64_OLS1
T512_seed1,random_64_gaussian_ols_abs,12,0,1,complete,False,0.47443884035195,1.4516337707320641,0.47443884035195,0.05335794743888188,31193041414,0.025066467269066497,T512_seed1_repeat0_M12_random_64_OLS1_abs
T512_seed1,random_64_gaussian_ols,12,1,1,complete,False,0.4019665498507863,0.5980334501492137,2.7281904290631585,0.05299498848745942,31193041414,-1.8260553585495969,T512_seed1_repeat1_M12_random_64_OLS1
T512_seed1,random_64_gaussian_ols_abs,12,1,1,complete,False,0.5618841985711391,1.518300212060661,0.5618841985711391,0.0534146601994047,31193041414,0.02458356232236411,T512_seed1_repeat1_M12_random_64_OLS1_abs
T512_seed1,random_64_gaussian_ols,12,2,1,complete,False,0.4308505455461017,0.5691494544538982,4.405155564234106,0.05280991280026203,31193041414,-3.0148159427624006,T512_seed1_repeat2_M12_random_64_OLS1
T512_seed1,random_64_gaussian_ols_abs,12,2,1,complete,False,0.7582569917476287,1.6321376653615374,0.7582569917476287,0.05365548103944489,31193041414,0.023080096579748237,T512_seed1_repeat2_M12_random_64_OLS1_abs
T512_seed1,random_64_gaussian_ols,12,3,1,complete,False,0.4796020024249499,0.5203979975750501,2.9032598470875777,0.05295108901233121,31193041414,-1.982375925946746,T512_seed1_repeat3_M12_random_64_OLS1
T512_seed1,random_64_gaussian_ols_abs,12,3,1,complete,False,0.7491501216542682,1.7154373507201812,0.7491501216542682,0.0535328795497745,31193041414,0.03789368855790488,T512_seed1_repeat3_M12_random_64_OLS1_abs
T512_seed1,random_64_gaussian_ols,12,4,1,complete,False,0.40918344692446934,0.5908165530755306,3.1295224639205976,0.052931678193275454,31193041414,-2.115938491653874,T512_seed1_repeat4_M12_random_64_OLS1
T512_seed1,random_64_gaussian_ols_abs,12,4,1,complete,False,0.6339106770374088,1.5646320043207944,0.6339106770374088,0.053487810125087264,31193041414,0.02387257838344073,T512_seed1_repeat4_M12_random_64_OLS1_abs
T512_seed1,random_64_gaussian_ols,12,0,2,complete,False,0.39895589269339926,0.6010441073066006,2.5114207883573543,0.05284499508556139,31193041414,-1.654354610862663,T512_seed1_repeat0_M12_random_64_OLS2
T512_seed1,random_64_gaussian_ols_abs,12,0,2,complete,False,0.540674206711659,1.5089333998898855,0.540674206711659,0.050749937803035106,31193041414,0.025066467269066497,T512_seed1_repeat0_M12_random_64_OLS2_abs
T512_seed1,random_64_gaussian_ols,12,1,2,complete,False,0.40636198717258637,0.5936380128274136,2.7281904290631585,0.052949142212224395,31193041414,-1.8260553585495969,T512_seed1_repeat1_M12_random_64_OLS2
T512_seed1,random_64_gaussian_ols_abs,12,1,2,complete,False,0.6349943304675196,1.5816938287567472,0.6349943304675196,0.05070042890729118,31193041414,0.02458356232236411,T512_seed1_repeat1_M12_random_64_OLS2_abs
T512_seed1,random_64_gaussian_ols,12,2,2,complete,False,0.4378843592876897,0.5621156407123102,4.405155564234106,0.05332814842589891,31193041414,-3.0148159427624006,T512_seed1_repeat2_M12_random_64_OLS2
T512_seed1,random_64_gaussian_ols_abs,12,2,2,complete,False,0.8482225258915819,1.708406975702,0.8482225258915819,0.05056297849325889,31193041414,0.023080096579748237,T512_seed1_repeat2_M12_random_64_OLS2_abs
T512_seed1,random_64_gaussian_ols,12,3,2,complete,False,0.4868826222470823,0.5131173777529177,2.9032598470875777,0.05309282623505544,31193041414,-1.982375925946746,T512_seed1_repeat3_M12_random_64_OLS2
T512_seed1,random_64_gaussian_ols_abs,12,3,2,complete,False,0.8340969888402159,1.7894140248443682,0.8340969888402159,0.050646082947013345,31193041414,0.03789368855790488,T512_seed1_repeat3_M12_random_64_OLS2_abs
T512_seed1,random_64_gaussian_ols,12,4,2,complete,False,0.41440265222603634,0.5855973477739637,3.1295224639205976,0.053069065797614993,31193041414,-2.115938491653874,T512_seed1_repeat4_M12_random_64_OLS2
T512_seed1,random_64_gaussian_ols_abs,12,4,2,complete,False,0.7130361440353641,1.6329495387740414,0.7130361440353641,0.05065042653464809,31193041414,0.02387257838344073,T512_seed1_repeat4_M12_random_64_OLS2_abs
T512_seed1,random_64_gaussian_ols,12,0,3,complete,False,0.44505223816296735,0.6758752848357013,2.5114207883573543,0.05188358452086794,31193041414,-1.654354610862663,T512_seed1_repeat0_M12_random_64_OLS3
T512_seed1,random_64_gaussian_ols_abs,12,0,3,complete,False,0.9840775764600612,1.984077576460061,0.9840775764600612,0.04911681990886,31193041414,0.025066467269066497,T512_seed1_repeat0_M12_random_64_OLS3_abs
T512_seed1,random_64_gaussian_ols,12,1,3,complete,False,0.42661425370928735,0.6626127476426464,2.7281904290631585,0.05190919708861517,31193041414,-1.8260553585495969,T512_seed1_repeat1_M12_random_64_OLS3
T512_seed1,random_64_gaussian_ols_abs,12,1,3,complete,False,1.0918797537008593,2.0918797537008595,1.0918797537008593,0.048949064360986894,31193041414,0.02458356232236411,T512_seed1_repeat1_M12_random_64_OLS3_abs
T512_seed1,random_64_gaussian_ols,12,2,3,complete,False,0.3922258722879348,0.6077741277120651,4.405155564234106,0.05201708741191105,31193041414,-3.0148159427624006,T512_seed1_repeat2_M12_random_64_OLS3
T512_seed1,random_64_gaussian_ols_abs,12,2,3,complete,False,1.3067281789597167,2.272714675545799,1.3067281789597167,0.048411358002243575,31193041414,0.023080096579748237,T512_seed1_repeat2_M12_random_64_OLS3_abs
T512_seed1,random_64_gaussian_ols,12,3,3,complete,False,0.5146292649972379,0.5782317892154465,2.9032598470875777,0.051951043552512156,31193041414,-1.982375925946746,T512_seed1_repeat3_M12_random_64_OLS3
T512_seed1,random_64_gaussian_ols_abs,12,3,3,complete,False,1.3584395916194214,2.3584395916194216,1.3584395916194214,0.04875732497404267,31193041414,0.03789368855790488,T512_seed1_repeat3_M12_random_64_OLS3_abs
T512_seed1,random_64_gaussian_ols,12,4,3,complete,False,0.4025568944843802,0.6473416227740563,3.1295224639205976,0.05194210372965015,31193041414,-2.115938491653874,T512_seed1_repeat4_M12_random_64_OLS3
T512_seed1,random_64_gaussian_ols_abs,12,4,3,complete,False,1.1667327735156092,2.1667327735156094,1.1667327735156092,0.04876723803387915,31193041414,0.02387257838344073,T512_seed1_repeat4_M12_random_64_OLS3_abs
T512_seed1,random_64_gaussian_ols,12,0,4,complete,False,0.6344197199517945,0.8567605481944487,2.5114207883573543,0.08505439430540637,31193041414,-1.654354610862663,T512_seed1_repeat0_M12_random_64_OLS4
T512_seed1,random_64_gaussian_ols_abs,12,0,4,complete,False,0.7599882579111984,1.7599882579111985,0.7599882579111984,0.07211576087868125,31193041414,0.025066467269066497,T512_seed1_repeat0_M12_random_64_OLS4_abs
T512_seed1,random_64_gaussian_ols,12,1,4,complete,False,0.6236749579891907,0.8516101374074692,2.7281904290631585,0.08611269258237049,31193041414,-1.8260553585495969,T512_seed1_repeat1_M12_random_64_OLS4
T512_seed1,random_64_gaussian_ols_abs,12,1,4,complete,False,0.8375548585961048,1.8375548585961048,0.8375548585961048,0.07133985451607228,31193041414,0.02458356232236411,T512_seed1_repeat1_M12_random_64_OLS4_abs
T512_seed1,random_64_gaussian_ols,12,2,4,complete,False,0.583143431888415,0.8304352040123827,4.405155564234106,0.09028840785408788,31193041414,-3.0148159427624006,T512_seed1_repeat2_M12_random_64_OLS4
T512_seed1,random_64_gaussian_ols_abs,12,2,4,complete,False,0.9796388461776138,1.9796388461776138,0.9796388461776138,0.06873189208353207,31193041414,0.023080096579748237,T512_seed1_repeat2_M12_random_64_OLS4_abs
T512_seed1,random_64_gaussian_ols,12,3,4,complete,False,0.7342662080540113,0.791691486332786,2.9032598470875777,0.08750260779399424,31193041414,-1.982375925946746,T512_seed1_repeat3_M12_random_64_OLS4
T512_seed1,random_64_gaussian_ols_abs,12,3,4,complete,False,1.0669493841676156,2.066949384167615,1.0669493841676156,0.07040671498496283,31193041414,0.03789368855790488,T512_seed1_repeat3_M12_random_64_OLS4_abs
T512_seed1,random_64_gaussian_ols,12,4,4,complete,False,0.6089030670071958,0.8462440663665197,3.1295224639205976,0.08739271023348565,31193041414,-2.115938491653874,T512_seed1_repeat4_M12_random_64_OLS4
T512_seed1,random_64_gaussian_ols_abs,12,4,4,complete,False,0.893677963398984,1.8936779633989838,0.893677963398984,0.07047661736250917,31193041414,0.02387257838344073,T512_seed1_repeat4_M12_random_64_OLS4_abs
T32_large_seed0,two_hessian,3,0,,complete,False,0.14553526991553312,1.0024362630494548,0.14553526991553312,0.01286175804858891,31994153148,-0.009861651791782727,T32_large_seed0_repeat0_M3_two_hessian
T32_large_seed0,best_single,3,0,,complete,False,0.1451487342095546,1.0024362630494554,0.1451487342095546,0.012645136830423117,31994153208,-0.007383703811810307,T32_large_seed0_repeat0_M3_best_single
T32_large_seed0,random_1,3,0,,complete,False,0.15298547643544963,1.0024362630494554,0.15298547643544963,0.011010415501537236,31994153208,-0.011261480832177135,T32_large_seed0_repeat0_M3_random_1
T32_large_seed0,random_64,3,0,,complete,False,0.1457315604252029,1.0024362630494557,0.1457315604252029,0.012593514243652017,31994153208,-0.01000703671605385,T32_large_seed0_repeat0_M3_random_64
T32_large_seed0,two_hessian,6,0,,complete,False,0.14553526991553312,1.0024362630494548,0.14553526991553312,0.01286175804858891,31994153148,-0.009861651791782727,T32_large_seed0_repeat0_M6_two_hessian
T32_large_seed0,best_single,6,0,,complete,False,0.1451487342095546,1.0024362630494554,0.1451487342095546,0.012645136830423117,31994153298,-0.007383703811810307,T32_large_seed0_repeat0_M6_best_single
T32_large_seed0,random_1,6,0,,complete,False,0.15058219413256996,1.0024362630494554,0.15058219413256996,0.012951426801168234,31994153298,-0.004028876594584841,T32_large_seed0_repeat0_M6_random_1
T32_large_seed0,random_64,6,0,,complete,False,0.14607822910515572,1.0024362630494554,0.14607822910515572,0.012488238882017411,31994153298,-0.009927532379677532,T32_large_seed0_repeat0_M6_random_64
T32_large_seed0,two_hessian,12,0,,complete,False,0.14553526991553312,1.0024362630494548,0.14553526991553312,0.01286175804858891,31994153148,-0.009861651791782727,T32_large_seed0_repeat0_M12_two_hessian
T32_large_seed0,best_single,12,0,,complete,False,0.1451487342095546,1.0024362630494554,0.1451487342095546,0.012645136830423117,31994153478,-0.007383703811810307,T32_large_seed0_repeat0_M12_best_single
T32_large_seed0,random_1,12,0,,complete,False,0.13991687613570708,1.0024362630494568,0.13991687613570708,0.013878814694109462,31994153478,-0.01064919232402453,T32_large_seed0_repeat0_M12_random_1
T32_large_seed0,random_64,12,0,,complete,False,0.1452670215074343,1.0024362630494563,0.1452670215074343,0.012664846272607052,31994153478,-0.009782327011796065,T32_large_seed0_repeat0_M12_random_64
T32_large_seed0,random_8,12,0,,complete,False,0.1452670215074343,1.0024362630494563,0.1452670215074343,0.012664846272607052,31994153478,-0.009782327011796065,T32_large_seed0_repeat0_M12_random_8
T32_large_seed0,random_32,12,0,,complete,False,0.1452670215074343,1.0024362630494563,0.1452670215074343,0.012664846272607052,31994153478,-0.009782327011796065,T32_large_seed0_repeat0_M12_random_32
T32_large_seed0,two_hessian,24,0,,complete,False,0.14553526991553312,1.0024362630494548,0.14553526991553312,0.01286175804858891,31994153148,-0.009861651791782727,T32_large_seed0_repeat0_M24_two_hessian
T32_large_seed0,best_single,24,0,,complete,False,0.1443381658982284,1.0024362630494557,0.1443381658982284,0.012990498722871124,31994153838,-0.01061022624253761,T32_large_seed0_repeat0_M24_best_single
T32_large_seed0,random_1,24,0,,complete,False,0.144742873331353,1.0024362630494557,0.144742873331353,0.012894070056878681,31994153838,-0.010271028062755948,T32_large_seed0_repeat0_M24_random_1
T32_large_seed0,random_64,24,0,,complete,False,0.14796596011831736,1.0024362630494552,0.14796596011831736,0.012017885817578157,31994153838,-0.009839584941744558,T32_large_seed0_repeat0_M24_random_64
T32_large_seed0,two_hessian,3,1,,complete,False,0.12885150180629246,1.0024362630494548,0.12885150180629246,0.01657522667056315,31994153148,-0.010792252408699144,T32_large_seed0_repeat1_M3_two_hessian
T32_large_seed0,best_single,3,1,,complete,False,0.15532499009758233,1.0024362630494559,0.15532499009758233,0.010635331206988966,31994153208,-0.013671453572913219,T32_large_seed0_repeat1_M3_best_single
T32_large_seed0,random_1,3,1,,complete,False,0.14634031039898976,1.002436263049456,0.14634031039898976,0.01228583986966938,31994153208,-0.00822915726107513,T32_large_seed0_repeat1_M3_random_1
T32_large_seed0,random_64,3,1,,complete,False,0.14780674503299474,1.0024362630494565,0.14780674503299474,0.012130481965417017,31994153208,-0.009988815147278372,T32_large_seed0_repeat1_M3_random_64
T32_large_seed0,two_hessian,6,1,,complete,False,0.12885150180629246,1.0024362630494548,0.12885150180629246,0.01657522667056315,31994153148,-0.010792252408699144,T32_large_seed0_repeat1_M6_two_hessian
T32_large_seed0,best_single,6,1,,complete,False,0.15368509404293362,1.002436263049456,0.15368509404293362,0.011953364847911624,31994153298,-0.007552421544861875,T32_large_seed0_repeat1_M6_best_single
T32_large_seed0,random_1,6,1,,complete,False,0.14597368890866447,1.0024362630494554,0.14597368890866447,0.012916938711926987,31994153298,-0.010325992855241963,T32_large_seed0_repeat1_M6_random_1
T32_large_seed0,random_64,6,1,,complete,False,0.1519581429874291,1.0024362630494554,0.1519581429874291,0.011286583986989684,31994153298,-0.011503994052553455,T32_large_seed0_repeat1_M6_random_64
T32_large_seed0,two_hessian,12,1,,complete,False,0.12885150180629246,1.0024362630494548,0.12885150180629246,0.01657522667056315,31994153148,-0.010792252408699144,T32_large_seed0_repeat1_M12_two_hessian
T32_large_seed0,best_single,12,1,,complete,False,0.15470744003732073,1.0024362630494554,0.15470744003732073,0.010730332636912811,31994153478,-0.012928193431276417,T32_large_seed0_repeat1_M12_best_single
T32_large_seed0,random_1,12,1,,complete,False,0.1236529903755994,1.0024362630494557,0.1236529903755994,0.017906838048060123,31994153478,-0.010872249492747758,T32_large_seed0_repeat1_M12_random_1
T32_large_seed0,random_64,12,1,,complete,False,0.14417325060217068,1.0024362630494559,0.14417325060217068,0.012808772624158407,31994153478,-0.007817369280216611,T32_large_seed0_repeat1_M12_random_64
T32_large_seed0,random_8,12,1,,complete,False,0.1453921466241359,1.0024362630494554,0.1453921466241359,0.012725859972720913,31994153478,-0.010289990330151252,T32_large_seed0_repeat1_M12_random_8
T32_large_seed0,random_32,12,1,,complete,False,0.14417325060217068,1.0024362630494559,0.14417325060217068,0.012808772624158407,31994153478,-0.007817369280216611,T32_large_seed0_repeat1_M12_random_32
T32_large_seed0,two_hessian,24,1,,complete,False,0.12885150180629246,1.0024362630494548,0.12885150180629246,0.01657522667056315,31994153148,-0.010792252408699144,T32_large_seed0_repeat1_M24_two_hessian
T32_large_seed0,best_single,24,1,,complete,False,0.14587315472232643,1.0024362630494554,0.14587315472232643,0.012588354557205951,31994153838,-0.01012333946609163,T32_large_seed0_repeat1_M24_best_single
T32_large_seed0,random_1,24,1,,complete,False,0.14633192329515254,1.0024362630494554,0.14633192329515254,0.024168157439257546,31994153838,-0.016436394839018646,T32_large_seed0_repeat1_M24_random_1
T32_large_seed0,random_64,24,1,,complete,False,0.14686865167409557,1.0024362630494559,0.14686865167409557,0.012402612182942497,31994153838,-0.010239608811541743,T32_large_seed0_repeat1_M24_random_64
T32_large_seed0,two_hessian,3,2,,complete,False,0.14057834253243567,1.0024362630494554,0.14057834253243567,0.013693604021347292,31994153148,-0.01027602074097089,T32_large_seed0_repeat2_M3_two_hessian
T32_large_seed0,best_single,3,2,,complete,False,0.14819115549745643,1.0024362630494563,0.14819115549745643,0.012818787108059986,31994153208,-0.005329514836679761,T32_large_seed0_repeat2_M3_best_single
T32_large_seed0,random_1,3,2,,complete,False,0.1509699913839308,1.0024362630494557,0.1509699913839308,0.012138119003904943,31994153208,-0.007540175203834139,T32_large_seed0_repeat2_M3_random_1
T32_large_seed0,random_64,3,2,,complete,False,0.14579261410224853,1.002436263049456,0.14579261410224853,0.012564691356508529,31994153208,-0.009855974076490283,T32_large_seed0_repeat2_M3_random_64
T32_large_seed0,two_hessian,6,2,,complete,False,0.14057834253243567,1.0024362630494554,0.14057834253243567,0.013693604021347292,31994153148,-0.01027602074097089,T32_large_seed0_repeat2_M6_two_hessian
T32_large_seed0,best_single,6,2,,complete,False,0.1452150098401802,1.0024362630494552,0.1452150098401802,0.012838631284461187,31994153298,-0.010238298731095784,T32_large_seed0_repeat2_M6_best_single
T32_large_seed0,random_1,6,2,,complete,False,0.19080055771383095,1.002436263049456,0.19080055771383095,0.004710279892164317,31994153298,-0.010926426987627486,T32_large_seed0_repeat2_M6_random_1
T32_large_seed0,random_64,6,2,,complete,False,0.14619848793399276,1.0024362630494554,0.14619848793399276,0.012492125810679943,31994153298,-0.009543138997408114,T32_large_seed0_repeat2_M6_random_64
T32_large_seed0,two_hessian,12,2,,complete,False,0.14057834253243567,1.0024362630494554,0.14057834253243567,0.013693604021347292,31994153148,-0.01027602074097089,T32_large_seed0_repeat2_M12_two_hessian
T32_large_seed0,best_single,12,2,,complete,False,0.14523443767013572,1.0024362630494557,0.14523443767013572,0.012693639063596789,31994153478,-0.010165784351866441,T32_large_seed0_repeat2_M12_best_single
T32_large_seed0,random_1,12,2,,complete,False,0.1508411878074548,1.0024362630494559,0.1508411878074548,0.012141004260572776,31994153478,-0.007668891991728591,T32_large_seed0_repeat2_M12_random_1
T32_large_seed0,random_64,12,2,,complete,False,0.1508450516182142,1.0024362630494559,0.1508450516182142,0.011454480356863118,31994153478,-0.010829426000654837,T32_large_seed0_repeat2_M12_random_64
T32_large_seed0,random_8,12,2,,complete,False,0.15104897551419277,1.0024362630494554,0.15104897551419277,0.011430269815708325,31994153478,-0.010781150636267346,T32_large_seed0_repeat2_M12_random_8
T32_large_seed0,random_32,12,2,,complete,False,0.1508450516182142,1.0024362630494559,0.1508450516182142,0.011454480356863118,31994153478,-0.010829426000654837,T32_large_seed0_repeat2_M12_random_32
T32_large_seed0,two_hessian,24,2,,complete,False,0.14057834253243567,1.0024362630494554,0.14057834253243567,0.013693604021347292,31994153148,-0.01027602074097089,T32_large_seed0_repeat2_M24_two_hessian
T32_large_seed0,best_single,24,2,,complete,False,0.14523443767013572,1.0024362630494557,0.14523443767013572,0.012693639063596789,31994153838,-0.010165784351866441,T32_large_seed0_repeat2_M24_best_single
T32_large_seed0,random_1,24,2,,complete,False,0.14974008299593083,1.0024362630494559,0.14974008299593083,0.012104999702040048,31994153838,-0.008402774264011453,T32_large_seed0_repeat2_M24_random_1
T32_large_seed0,random_64,24,2,,complete,False,0.14504256678771904,1.0024362630494563,0.14504256678771904,0.01261068333509757,31994153838,-0.009004101268683378,T32_large_seed0_repeat2_M24_random_64
T32_large_seed0,two_hessian,3,3,,complete,False,0.14637864881371393,1.002436263049455,0.14637864881371393,0.01285503839819918,31994153148,-0.010345800946516548,T32_large_seed0_repeat3_M3_two_hessian
T32_large_seed0,best_single,3,3,,complete,False,0.15577642668426556,1.0024362630494559,0.15577642668426556,0.010560239753087041,31994153208,-0.014124815325828812,T32_large_seed0_repeat3_M3_best_single
T32_large_seed0,random_1,3,3,,complete,False,0.15425432658511795,1.0024362630494554,0.15425432658511795,0.010815852125879108,31994153208,-0.012638555412213641,T32_large_seed0_repeat3_M3_random_1
T32_large_seed0,random_64,3,3,,complete,False,0.1456742343565861,1.0024362630494552,0.1456742343565861,0.012707490365605381,31994153208,-0.010369761712913393,T32_large_seed0_repeat3_M3_random_64
T32_large_seed0,two_hessian,6,3,,complete,False,0.14637864881371393,1.002436263049455,0.14637864881371393,0.01285503839819918,31994153148,-0.010345800946516548,T32_large_seed0_repeat3_M6_two_hessian
T32_large_seed0,best_single,6,3,,complete,False,0.14599490828241996,1.002436263049456,0.14599490828241996,0.01260655464541414,31994153298,-0.010032846073389688,T32_large_seed0_repeat3_M6_best_single
T32_large_seed0,random_1,6,3,,complete,False,0.15534216992882882,1.0024362630494552,0.15534216992882882,0.010592853867648938,31994153298,-0.012676098992209332,T32_large_seed0_repeat3_M6_random_1
T32_large_seed0,random_64,6,3,,complete,False,0.14460032000080408,1.0024362630494554,0.14460032000080408,0.012756049774347474,31994153298,-0.009864808496285439,T32_large_seed0_repeat3_M6_random_64
T32_large_seed0,two_hessian,12,3,,complete,False,0.14637864881371393,1.002436263049455,0.14637864881371393,0.01285503839819918,31994153148,-0.010345800946516548,T32_large_seed0_repeat3_M12_two_hessian
T32_large_seed0,best_single,12,3,,complete,False,0.14599490828241996,1.002436263049456,0.14599490828241996,0.01260655464541414,31994153478,-0.010032846073389688,T32_large_seed0_repeat3_M12_best_single
T32_large_seed0,random_1,12,3,,complete,False,0.14652250077956697,1.0024362630494559,0.14652250077956697,0.013366034094755935,31994153478,-0.004459002373793284,T32_large_seed0_repeat3_M12_random_1
T32_large_seed0,random_64,12,3,,complete,False,0.14996436863397367,1.002436263049455,0.14996436863397367,0.011632590305434762,31994153478,-0.011044401557109843,T32_large_seed0_repeat3_M12_random_64
T32_large_seed0,random_8,12,3,,complete,False,0.14396577816072909,1.0024362630494552,0.14396577816072909,0.012979404382104808,31994153478,-0.010113201258997109,T32_large_seed0_repeat3_M12_random_8
T32_large_seed0,random_32,12,3,,complete,False,0.14546879207176738,1.0024362630494554,0.14546879207176738,0.012414706249374833,31994153478,-0.008527459207145078,T32_large_seed0_repeat3_M12_random_32
T32_large_seed0,two_hessian,24,3,,complete,False,0.14637864881371393,1.002436263049455,0.14637864881371393,0.01285503839819918,31994153148,-0.010345800946516548,T32_large_seed0_repeat3_M24_two_hessian
T32_large_seed0,best_single,24,3,,complete,False,0.15510419727901714,1.0024362630494554,0.15510419727901714,0.010628840390089513,31994153838,-0.012057951593889464,T32_large_seed0_repeat3_M24_best_single
T32_large_seed0,random_1,24,3,,complete,False,0.1448992262462292,1.002436263049456,0.1448992262462292,0.012582921548710232,31994153838,-0.009683641944130681,T32_large_seed0_repeat3_M24_random_1
T32_large_seed0,random_64,24,3,,complete,False,0.14554224735682747,1.0024362630494559,0.14554224735682747,0.012415729981033838,31994153838,-0.00854535420277092,T32_large_seed0_repeat3_M24_random_64
T32_large_seed0,two_hessian,3,4,,complete,False,0.15116505836841987,1.0024362630494565,0.15116505836841987,0.012135625847591133,31994153148,-0.007141601038105231,T32_large_seed0_repeat4_M3_two_hessian
T32_large_seed0,best_single,3,4,,complete,False,0.15116505836841987,1.0024362630494565,0.15116505836841987,0.012135625847591133,31994153208,-0.007141601038105231,T32_large_seed0_repeat4_M3_best_single
T32_large_seed0,random_1,3,4,,complete,False,0.16359554155618333,1.002436263049456,0.16359554155618333,0.009197181982549365,31994153208,-0.016802406215423737,T32_large_seed0_repeat4_M3_random_1
T32_large_seed0,random_64,3,4,,complete,False,0.1457077832350097,1.0024362630494563,0.1457077832350097,0.01266395598499462,31994153208,-0.010457686822422664,T32_large_seed0_repeat4_M3_random_64
T32_large_seed0,two_hessian,6,4,,complete,False,0.15116505836841987,1.0024362630494565,0.15116505836841987,0.012135625847591133,31994153148,-0.007141601038105231,T32_large_seed0_repeat4_M6_two_hessian
T32_large_seed0,best_single,6,4,,complete,False,0.14555690199367305,1.0024362630494557,0.14555690199367305,0.012508681625840836,31994153298,-0.007837532679909926,T32_large_seed0_repeat4_M6_best_single
T32_large_seed0,random_1,6,4,,complete,False,0.1481491814348483,1.0024362630494554,0.1481491814348483,0.01301972220729566,31994153298,-0.004185343643431707,T32_large_seed0_repeat4_M6_random_1
T32_large_seed0,random_64,6,4,,complete,False,0.14709754802147046,1.002436263049455,0.14709754802147046,0.012296142607360372,31994153298,-0.01001011123003537,T32_large_seed0_repeat4_M6_random_64
T32_large_seed0,two_hessian,12,4,,complete,False,0.15116505836841987,1.0024362630494565,0.15116505836841987,0.012135625847591133,31994153148,-0.007141601038105231,T32_large_seed0_repeat4_M12_two_hessian
T32_large_seed0,best_single,12,4,,complete,False,0.14556836364165004,1.002436263049455,0.14556836364165004,0.012635730317451636,31994153478,-0.01013845143987177,T32_large_seed0_repeat4_M12_best_single
T32_large_seed0,random_1,12,4,,complete,False,0.15415624531769656,1.0024362630494568,0.15415624531769656,0.015137191900394668,31994153478,0.0037014558890974985,T32_large_seed0_repeat4_M12_random_1
T32_large_seed0,random_64,12,4,,complete,False,0.15085457237860622,1.0024362630494557,0.15085457237860622,0.011419398729455034,31994153478,-0.010329980391499087,T32_large_seed0_repeat4_M12_random_64
T32_large_seed0,random_8,12,4,,complete,False,0.14489440868397047,1.002436263049456,0.14489440868397047,0.01265440461639359,31994153478,-0.009635039467419875,T32_large_seed0_repeat4_M12_random_8
T32_large_seed0,random_32,12,4,,complete,False,0.14489440868397047,1.002436263049456,0.14489440868397047,0.01265440461639359,31994153478,-0.009635039467419875,T32_large_seed0_repeat4_M12_random_32
T32_large_seed0,two_hessian,24,4,,complete,False,0.15116505836841987,1.0024362630494565,0.15116505836841987,0.012135625847591133,31994153148,-0.007141601038105231,T32_large_seed0_repeat4_M24_two_hessian
T32_large_seed0,best_single,24,4,,complete,False,0.14556836364165004,1.002436263049455,0.14556836364165004,0.012635730317451636,31994153838,-0.01013845143987177,T32_large_seed0_repeat4_M24_best_single
T32_large_seed0,random_1,24,4,,complete,False,0.1461690114332821,1.0024362630494557,0.1461690114332821,0.012992209511862154,31994153838,-0.010207999741246782,T32_large_seed0_repeat4_M24_random_1
T32_large_seed0,random_64,24,4,,complete,False,0.14912046751031188,1.0024362630494559,0.14912046751031188,0.011801695723557756,31994153838,-0.01032688022063554,T32_large_seed0_repeat4_M24_random_64
T32_large_seed0,random_64_gaussian_ols,12,0,0,complete,True,0.062112761433258834,0.9924175620781022,0.062112761433258834,0.0008605199620451224,31995202054,-0.009782327011796065,T32_large_seed0_repeat0_M12_random_64_OLS0
T32_large_seed0,random_64_gaussian_ols_abs,12,0,0,complete,True,0.08351339450320172,1.018970292407365,0.08351339450320172,0.0008607380546972944,31995202054,0.009594611752370249,T32_large_seed0_repeat0_M12_random_64_OLS0_abs
T32_large_seed0,random_64_gaussian_ols,12,1,0,complete,True,0.06187841320731213,0.9922497361311999,0.06187841320731213,0.0008604297224728407,31995202054,-0.007817369280216611,T32_large_seed0_repeat1_M12_random_64_OLS0
T32_large_seed0,random_64_gaussian_ols_abs,12,1,0,complete,True,0.08319759169762564,1.0135673291442957,0.08319759169762564,0.000860595565752685,31995202054,0.00769702825574576,T32_large_seed0_repeat1_M12_random_64_OLS0_abs
T32_large_seed0,random_64_gaussian_ols,12,2,0,complete,True,0.0724707829604212,0.9914118445955482,0.0724707829604212,0.0008606860916921601,31995202054,-0.010829426000654837,T32_large_seed0_repeat2_M12_random_64_OLS0
T32_large_seed0,random_64_gaussian_ols_abs,12,2,0,complete,True,0.09574453228208069,1.020853134848499,0.09574453228208069,0.000860936304114344,31995202054,0.010599845515400042,T32_large_seed0_repeat2_M12_random_64_OLS0_abs
T32_large_seed0,random_64_gaussian_ols,12,3,0,complete,True,0.0709011889138273,0.9915960377549904,0.0709011889138273,0.0008605994705065826,31995202054,-0.011044401557109843,T32_large_seed0_repeat3_M12_random_64_OLS0
T32_large_seed0,random_64_gaussian_ols_abs,12,3,0,complete,True,0.09467138036780515,1.0216362786151831,0.09467138036780515,0.0008608558983669468,31995202054,0.010805716219039353,T32_large_seed0_repeat3_M12_random_64_OLS0_abs
T32_large_seed0,random_64_gaussian_ols,12,4,0,complete,True,0.0724813442414059,0.9913058863901004,0.0724813442414059,0.0008606671250450191,31995202054,-0.010329980391499087,T32_large_seed0_repeat4_M12_random_64_OLS0
T32_large_seed0,random_64_gaussian_ols_abs,12,4,0,complete,True,0.09640513938511469,1.019431125967723,0.09640513938511469,0.0008609030850460207,31995202054,0.010120883338633617,T32_large_seed0_repeat4_M12_random_64_OLS0_abs
T32_large_seed0,random_64_gaussian_ols,12,0,1,complete,True,0.0756644146013482,0.9854447246806572,0.0756644146013482,0.0009309027111028174,31995202054,-0.009782327011796065,T32_large_seed0_repeat0_M12_random_64_OLS1
T32_large_seed0,random_64_gaussian_ols_abs,12,0,1,complete,True,0.08177904755209653,1.01140997797109,0.08177904755209653,0.000930852815741797,31995202054,0.009594611752370249,T32_large_seed0_repeat0_M12_random_64_OLS1_abs
T32_large_seed0,random_64_gaussian_ols,12,1,1,complete,True,0.07365907441199993,0.9852340826265875,0.07365907441199993,0.0009307676932076075,31995202054,-0.007817369280216611,T32_large_seed0_repeat1_M12_random_64_OLS1
T32_large_seed0,random_64_gaussian_ols_abs,12,1,1,complete,True,0.08148131823423427,1.00608043546332,0.08148131823423427,0.0009307190849066289,31995202054,0.00769702825574576,T32_large_seed0_repeat1_M12_random_64_OLS1_abs
T32_large_seed0,random_64_gaussian_ols,12,2,1,complete,True,0.08602206748159197,0.9845813312945928,0.08602206748159197,0.0009310731138016581,31995202054,-0.010829426000654837,T32_large_seed0_repeat2_M12_random_64_OLS1
T32_large_seed0,random_64_gaussian_ols_abs,12,2,1,complete,True,0.09397840700062271,1.0133716706591644,0.09397840700062271,0.0009310269128598673,31995202054,0.010599845515400042,T32_large_seed0_repeat2_M12_random_64_OLS1_abs
T32_large_seed0,random_64_gaussian_ols,12,3,1,complete,True,0.08444459768337798,0.9847437102048407,0.08444459768337798,0.0009310389615625861,31995202054,-0.011044401557109843,T32_large_seed0_repeat3_M12_random_64_OLS1
T32_large_seed0,random_64_gaussian_ols_abs,12,3,1,complete,True,0.09288919947736407,1.0141198796780628,0.09288919947736407,0.000930993218739902,31995202054,0.010805716219039353,T32_large_seed0_repeat3_M12_random_64_OLS1_abs
T32_large_seed0,random_64_gaussian_ols,12,4,1,complete,True,0.08604529125284421,0.9844713236217156,0.08604529125284421,0.0009310429659612659,31995202054,-0.010329980391499087,T32_large_seed0_repeat4_M12_random_64_OLS1
T32_large_seed0,random_64_gaussian_ols_abs,12,4,1,complete,True,0.09464171679269451,1.0119749028797336,0.09464171679269451,0.0009309960890005637,31995202054,0.010120883338633617,T32_large_seed0_repeat4_M12_random_64_OLS1_abs
T32_large_seed0,random_64_gaussian_ols,12,0,2,complete,True,0.0635063014010166,0.9920925363225475,0.0635063014010166,0.0008100273338914721,31995202054,-0.009782327011796065,T32_large_seed0_repeat0_M12_random_64_OLS2
T32_large_seed0,random_64_gaussian_ols_abs,12,0,2,complete,True,0.07019446094764831,1.0181028697734464,0.07019446094764831,0.0008096460762626756,31995202054,0.009594611752370249,T32_large_seed0_repeat0_M12_random_64_OLS2_abs
T32_large_seed0,random_64_gaussian_ols,12,1,2,complete,True,0.061604306279873566,0.9918056027386091,0.061604306279873566,0.000809984127109245,31995202054,-0.007817369280216611,T32_large_seed0_repeat1_M12_random_64_OLS2
T32_large_seed0,random_64_gaussian_ols_abs,12,1,2,complete,True,0.06999027183442952,1.0126877984495246,0.06999027183442952,0.0008096691264791882,31995202054,0.00769702825574576,T32_large_seed0_repeat1_M12_random_64_OLS2_abs
T32_large_seed0,random_64_gaussian_ols,12,2,2,complete,True,0.0740001211160915,0.9909894835667421,0.0740001211160915,0.0008102172142676684,31995202054,-0.010829426000654837,T32_large_seed0_repeat2_M12_random_64_OLS2
T32_large_seed0,random_64_gaussian_ols_abs,12,2,2,complete,True,0.08252170324824426,1.0198293590167264,0.08252170324824426,0.0008098038917257205,31995202054,0.010599845515400042,T32_large_seed0_repeat2_M12_random_64_OLS2_abs
T32_large_seed0,random_64_gaussian_ols,12,3,2,complete,True,0.07239905185842566,0.9911901930852005,0.07239905185842566,0.000810233001401016,31995202054,-0.011044401557109843,T32_large_seed0_repeat3_M12_random_64_OLS2
T32_large_seed0,random_64_gaussian_ols_abs,12,3,2,complete,True,0.0814066058167845,1.020616814114311,0.0814066058167845,0.0008098125298854626,31995202054,0.010805716219039353,T32_large_seed0_repeat3_M12_random_64_OLS2_abs
T32_large_seed0,random_64_gaussian_ols,12,4,2,complete,True,0.07406136797903634,0.990843258082963,0.07406136797903634,0.0008102177288398453,31995202054,-0.010329980391499087,T32_large_seed0_repeat4_M12_random_64_OLS2
T32_large_seed0,random_64_gaussian_ols_abs,12,4,2,complete,True,0.08321944348573601,1.018393990508141,0.08321944348573601,0.0008098200129424441,31995202054,0.010120883338633617,T32_large_seed0_repeat4_M12_random_64_OLS2_abs
T32_large_seed0,random_64_gaussian_ols,12,0,3,complete,True,0.05973106503517672,1.0043903585404443,0.05973106503517672,0.0009787783457434213,31995202054,-0.009782327011796065,T32_large_seed0_repeat0_M12_random_64_OLS3
T32_large_seed0,random_64_gaussian_ols_abs,12,0,3,complete,True,0.0864917309067329,1.031148295944432,0.0864917309067329,0.000978652217101075,31995202054,0.009594611752370249,T32_large_seed0_repeat0_M12_random_64_OLS3_abs
T32_large_seed0,random_64_gaussian_ols,12,1,3,complete,True,0.06472751979763014,1.0042190944533937,0.06472751979763014,0.0009789759038023893,31995202054,-0.007817369280216611,T32_large_seed0_repeat1_M12_random_64_OLS3
T32_large_seed0,random_64_gaussian_ols_abs,12,1,3,complete,True,0.08621247575954727,1.025701870124256,0.08621247575954727,0.0009788661693914443,31995202054,0.00769702825574576,T32_large_seed0_repeat1_M12_random_64_OLS3_abs
T32_large_seed0,random_64_gaussian_ols,12,2,3,complete,True,0.06994572663099585,1.0033776380193649,0.06994572663099585,0.0009785988937243252,31995202054,-0.010829426000654837,T32_large_seed0_repeat2_M12_random_64_OLS3
T32_large_seed0,random_64_gaussian_ols_abs,12,2,3,complete,True,0.09890034428842587,1.0330469465726737,0.09890034428842587,0.0009784684405378843,31995202054,0.010599845515400042,T32_large_seed0_repeat2_M12_random_64_OLS3_abs
T32_large_seed0,random_64_gaussian_ols,12,3,3,complete,True,0.06834472546456094,1.0035624848599942,0.06834472546456094,0.0009786171249016738,31995202054,-0.011044401557109843,T32_large_seed0_repeat3_M12_random_64_OLS3
T32_large_seed0,random_64_gaussian_ols_abs,12,3,3,complete,True,0.09780312688492443,1.0338355336284915,0.09780312688492443,0.0009784852948089486,31995202054,0.010805716219039353,T32_large_seed0_repeat3_M12_random_64_OLS3_abs
T32_large_seed0,random_64_gaussian_ols,12,4,3,complete,True,0.07123624592035682,1.0032704204943825,0.07123624592035682,0.0009786453621276616,31995202054,-0.010329980391499087,T32_large_seed0_repeat4_M12_random_64_OLS3
T32_large_seed0,random_64_gaussian_ols_abs,12,4,3,complete,True,0.09958235873380267,1.031613692188167,0.09958235873380267,0.0009785180501950528,31995202054,0.010120883338633617,T32_large_seed0_repeat4_M12_random_64_OLS3_abs
T32_large_seed0,random_64_gaussian_ols,12,0,4,complete,True,0.06065319956425641,0.9920945020920333,0.06065319956425641,0.000810506038659391,31995202054,-0.009782327011796065,T32_large_seed0_repeat0_M12_random_64_OLS4
T32_large_seed0,random_64_gaussian_ols_abs,12,0,4,complete,True,0.0691904179805764,1.018207186340004,0.0691904179805764,0.0008099567840718553,31995202054,0.009594611752370249,T32_large_seed0_repeat0_M12_random_64_OLS4_abs
T32_large_seed0,random_64_gaussian_ols,12,1,4,complete,True,0.058729695636735635,0.9918357064584327,0.058729695636735635,0.000810323854164662,31995202054,-0.007817369280216611,T32_large_seed0_repeat1_M12_random_64_OLS4
T32_large_seed0,random_64_gaussian_ols_abs,12,1,4,complete,True,0.06898544169484544,1.0128005930007262,0.06898544169484544,0.0008098758868881827,31995202054,0.00769702825574576,T32_large_seed0_repeat1_M12_random_64_OLS4_abs
T32_large_seed0,random_64_gaussian_ols,12,2,4,complete,True,0.07112770205761632,0.9909982441171262,0.07112770205761632,0.0008106553680831619,31995202054,-0.010829426000654837,T32_large_seed0_repeat2_M12_random_64_OLS4
T32_large_seed0,random_64_gaussian_ols_abs,12,2,4,complete,True,0.08151993081660164,1.0199523690701064,0.08151993081660164,0.0008100577026801021,31995202054,0.010599845515400042,T32_large_seed0_repeat2_M12_random_64_OLS4_abs
T32_large_seed0,random_64_gaussian_ols,12,3,4,complete,True,0.06952544660430698,0.9912010845872137,0.06952544660430698,0.0008106569978542375,31995202054,-0.011044401557109843,T32_large_seed0_repeat3_M12_random_64_OLS4
T32_large_seed0,random_64_gaussian_ols_abs,12,3,4,complete,True,0.08040943906361386,1.0207444618181312,0.08040943906361386,0.0008100490452566539,31995202054,0.010805716219039353,T32_large_seed0_repeat3_M12_random_64_OLS4_abs
T32_large_seed0,random_64_gaussian_ols,12,4,4,complete,True,0.07118140154881747,0.9908607339878942,0.07118140154881747,0.0008106114476697079,31995202054,-0.010329980391499087,T32_large_seed0_repeat4_M12_random_64_OLS4
T32_large_seed0,random_64_gaussian_ols_abs,12,4,4,complete,True,0.08221789732523094,1.0185208663743008,0.08221789732523094,0.0008100385162745691,31995202054,0.010120883338633617,T32_large_seed0_repeat4_M12_random_64_OLS4_abs
T32_large_seed1,two_hessian,3,0,,complete,False,0.3612999214087186,1.041389685174318,0.3612999214087186,0.05007671968203205,31994153148,-0.01939925292942441,T32_large_seed1_repeat0_M3_two_hessian
T32_large_seed1,best_single,3,0,,complete,False,0.3502246470365801,1.0413896851743172,0.3502246470365801,0.05357602562720056,31994153208,-0.018853064279107115,T32_large_seed1_repeat0_M3_best_single
T32_large_seed1,random_1,3,0,,complete,False,0.3525904293149841,1.0413896851743178,0.3525904293149841,0.05254514044437958,31994153208,-0.01759824485381267,T32_large_seed1_repeat0_M3_random_1
T32_large_seed1,random_64,3,0,,complete,False,0.3562782728703744,1.0413896851743178,0.3562782728703744,0.05153661164995413,31994153208,-0.01911084895761123,T32_large_seed1_repeat0_M3_random_64
T32_large_seed1,two_hessian,6,0,,complete,False,0.3612999214087186,1.041389685174318,0.3612999214087186,0.05007671968203205,31994153148,-0.01939925292942441,T32_large_seed1_repeat0_M6_two_hessian
T32_large_seed1,best_single,6,0,,complete,False,0.3502246470365801,1.0413896851743172,0.3502246470365801,0.05357602562720056,31994153298,-0.018853064279107115,T32_large_seed1_repeat0_M6_best_single
T32_large_seed1,random_1,6,0,,complete,False,0.3500246088808384,1.041389685174318,0.3500246088808384,0.053497249832452035,31994153298,-0.019619474955621125,T32_large_seed1_repeat0_M6_random_1
T32_large_seed1,random_64,6,0,,complete,False,0.3531819505416798,1.041389685174317,0.3531819505416798,0.052508647113304066,31994153298,-0.019280324336740335,T32_large_seed1_repeat0_M6_random_64
T32_large_seed1,two_hessian,12,0,,complete,False,0.3612999214087186,1.041389685174318,0.3612999214087186,0.05007671968203205,31994153148,-0.01939925292942441,T32_large_seed1_repeat0_M12_two_hessian
T32_large_seed1,best_single,12,0,,complete,False,0.35313194012749743,1.0413896851743174,0.35313194012749743,0.052594777843980214,31994153478,-0.019809795029907717,T32_large_seed1_repeat0_M12_best_single
T32_large_seed1,random_1,12,0,,complete,False,0.3557360897030041,1.0413896851743183,0.3557360897030041,0.05286839952299965,31994153478,-0.019922186453606005,T32_large_seed1_repeat0_M12_random_1
T32_large_seed1,random_64,12,0,,complete,False,0.3540379577079616,1.0413896851743174,0.3540379577079616,0.05229913305993227,31994153478,-0.019506640496652822,T32_large_seed1_repeat0_M12_random_64
T32_large_seed1,random_8,12,0,,complete,False,0.3588980869882201,1.0413896851743178,0.3588980869882201,0.05118991666285584,31994153478,-0.020673286006719083,T32_large_seed1_repeat0_M12_random_8
T32_large_seed1,random_32,12,0,,complete,False,0.3540379577079616,1.0413896851743174,0.3540379577079616,0.05229913305993227,31994153478,-0.019506640496652822,T32_large_seed1_repeat0_M12_random_32
T32_large_seed1,two_hessian,24,0,,complete,False,0.3612999214087186,1.041389685174318,0.3612999214087186,0.05007671968203205,31994153148,-0.01939925292942441,T32_large_seed1_repeat0_M24_two_hessian
T32_large_seed1,best_single,24,0,,complete,False,0.35313194012749743,1.0413896851743174,0.35313194012749743,0.052594777843980214,31994153838,-0.019809795029907717,T32_large_seed1_repeat0_M24_best_single
T32_large_seed1,random_1,24,0,,complete,False,0.356952070044367,1.0413896851743176,0.356952070044367,0.05159343734725821,31994153838,-0.019510341113283102,T32_large_seed1_repeat0_M24_random_1
T32_large_seed1,random_64,24,0,,complete,False,0.3550191938180004,1.041389685174318,0.3550191938180004,0.052155006411303585,31994153838,-0.01907835732960614,T32_large_seed1_repeat0_M24_random_64
T32_large_seed1,two_hessian,3,1,,complete,False,0.3504113126645312,1.0413896851743185,0.3504113126645312,0.053573210865299065,31994153148,-0.019455770575226725,T32_large_seed1_repeat1_M3_two_hessian
T32_large_seed1,best_single,3,1,,complete,False,0.3504113126645312,1.0413896851743185,0.3504113126645312,0.053573210865299065,31994153208,-0.019455770575226725,T32_large_seed1_repeat1_M3_best_single
T32_large_seed1,random_1,3,1,,complete,False,0.35229717327639287,1.041389685174317,0.35229717327639287,0.052719186378787815,31994153208,-0.019799269206182194,T32_large_seed1_repeat1_M3_random_1
T32_large_seed1,random_64,3,1,,complete,False,0.3497982623433229,1.0413896851743174,0.3497982623433229,0.05358950099983985,31994153208,-0.019328805376801296,T32_large_seed1_repeat1_M3_random_64
T32_large_seed1,two_hessian,6,1,,complete,False,0.3504113126645312,1.0413896851743185,0.3504113126645312,0.053573210865299065,31994153148,-0.019455770575226725,T32_large_seed1_repeat1_M6_two_hessian
T32_large_seed1,best_single,6,1,,complete,False,0.3504113126645312,1.0413896851743185,0.3504113126645312,0.053573210865299065,31994153298,-0.019455770575226725,T32_large_seed1_repeat1_M6_best_single
T32_large_seed1,random_1,6,1,,complete,False,0.35082898034894383,1.0413896851743183,0.35082898034894383,0.05394469743182329,31994153298,-0.02022985194161688,T32_large_seed1_repeat1_M6_random_1
T32_large_seed1,random_64,6,1,,complete,False,0.3547816666079616,1.0413896851743174,0.3547816666079616,0.052248400793109794,31994153298,-0.019337314018282255,T32_large_seed1_repeat1_M6_random_64
T32_large_seed1,two_hessian,12,1,,complete,False,0.3504113126645312,1.0413896851743185,0.3504113126645312,0.053573210865299065,31994153148,-0.019455770575226725,T32_large_seed1_repeat1_M12_two_hessian
T32_large_seed1,best_single,12,1,,complete,False,0.3504113126645312,1.0413896851743185,0.3504113126645312,0.053573210865299065,31994153478,-0.019455770575226725,T32_large_seed1_repeat1_M12_best_single
T32_large_seed1,random_1,12,1,,complete,False,0.33868238364699166,1.0413896851743172,0.33868238364699166,0.05718746252437446,31994153478,-0.018849546764015134,T32_large_seed1_repeat1_M12_random_1
T32_large_seed1,random_64,12,1,,complete,False,0.35671243944034847,1.0413896851743178,0.35671243944034847,0.05176981825753384,31994153478,-0.019997118944798015,T32_large_seed1_repeat1_M12_random_64
T32_large_seed1,random_8,12,1,,complete,False,0.35492735674567344,1.0413896851743172,0.35492735674567344,0.05219215393135846,31994153478,-0.01968927677784675,T32_large_seed1_repeat1_M12_random_8
T32_large_seed1,random_32,12,1,,complete,False,0.35671243944034847,1.0413896851743178,0.35671243944034847,0.05176981825753384,31994153478,-0.019997118944798015,T32_large_seed1_repeat1_M12_random_32
T32_large_seed1,two_hessian,24,1,,complete,False,0.3504113126645312,1.0413896851743185,0.3504113126645312,0.053573210865299065,31994153148,-0.019455770575226725,T32_large_seed1_repeat1_M24_two_hessian
T32_large_seed1,best_single,24,1,,complete,False,0.3598969469901277,1.0413896851743174,0.3598969469901277,0.05021504130879887,31994153838,-0.017030767186005547,T32_large_seed1_repeat1_M24_best_single
T32_large_seed1,random_1,24,1,,complete,False,0.35972131472684243,1.0413896851743178,0.35972131472684243,0.05017729453594912,31994153838,-0.017212689187320364,T32_large_seed1_repeat1_M24_random_1
T32_large_seed1,random_64,24,1,,complete,False,0.3558587739388721,1.0413896851743172,0.3558587739388721,0.05205152630165861,31994153838,-0.0192721416949203,T32_large_seed1_repeat1_M24_random_64
T32_large_seed1,two_hessian,3,2,,complete,False,0.35219546533891255,1.041389685174317,0.35219546533891255,0.053056993774220594,31994153148,-0.01918097061641125,T32_large_seed1_repeat2_M3_two_hessian
T32_large_seed1,best_single,3,2,,complete,False,0.35407377516372496,1.0413896851743187,0.35407377516372496,0.052671034556539736,31994153208,-0.019931073523615114,T32_large_seed1_repeat2_M3_best_single
T32_large_seed1,random_1,3,2,,complete,False,0.3516316772092737,1.041389685174317,0.3516316772092737,0.053906289891279,31994153208,-0.020147107705667175,T32_large_seed1_repeat2_M3_random_1
T32_large_seed1,random_64,3,2,,complete,False,0.35205689905245385,1.041389685174317,0.35205689905245385,0.05326704676425689,31994153208,-0.019852322355287912,T32_large_seed1_repeat2_M3_random_64
T32_large_seed1,two_hessian,6,2,,complete,False,0.35219546533891255,1.041389685174317,0.35219546533891255,0.053056993774220594,31994153148,-0.01918097061641125,T32_large_seed1_repeat2_M6_two_hessian
T32_large_seed1,best_single,6,2,,complete,False,0.35407377516372496,1.0413896851743187,0.35407377516372496,0.052671034556539736,31994153298,-0.019931073523615114,T32_large_seed1_repeat2_M6_best_single
T32_large_seed1,random_1,6,2,,complete,False,0.3475070738823415,1.0413896851743172,0.3475070738823415,0.05425320907223667,31994153298,-0.01968943667584068,T32_large_seed1_repeat2_M6_random_1
T32_large_seed1,random_64,6,2,,complete,False,0.3579312520616903,1.0413896851743172,0.3579312520616903,0.051388862912771574,31994153298,-0.01958502771266659,T32_large_seed1_repeat2_M6_random_64
T32_large_seed1,two_hessian,12,2,,complete,False,0.35219546533891255,1.041389685174317,0.35219546533891255,0.053056993774220594,31994153148,-0.01918097061641125,T32_large_seed1_repeat2_M12_two_hessian
T32_large_seed1,best_single,12,2,,complete,False,0.35407377516372496,1.0413896851743187,0.35407377516372496,0.052671034556539736,31994153478,-0.019931073523615114,T32_large_seed1_repeat2_M12_best_single
T32_large_seed1,random_1,12,2,,complete,False,0.35775077582753656,1.0413896851743183,0.35775077582753656,0.05147793744624225,31994153478,-0.01989084626513638,T32_large_seed1_repeat2_M12_random_1
T32_large_seed1,random_64,12,2,,complete,False,0.3553556212536179,1.0413896851743178,0.3553556212536179,0.05220902724551132,31994153478,-0.019448240333193992,T32_large_seed1_repeat2_M12_random_64
T32_large_seed1,random_8,12,2,,complete,False,0.35775077582753656,1.0413896851743183,0.35775077582753656,0.05147793744624225,31994153478,-0.01989084626513638,T32_large_seed1_repeat2_M12_random_8
T32_large_seed1,random_32,12,2,,complete,False,0.35775077582753656,1.0413896851743183,0.35775077582753656,0.05147793744624225,31994153478,-0.01989084626513638,T32_large_seed1_repeat2_M12_random_32
T32_large_seed1,two_hessian,24,2,,complete,False,0.35219546533891255,1.041389685174317,0.35219546533891255,0.053056993774220594,31994153148,-0.01918097061641125,T32_large_seed1_repeat2_M24_two_hessian
T32_large_seed1,best_single,24,2,,complete,False,0.3529472562448651,1.0413896851743176,0.3529472562448651,0.05266882833478893,31994153838,-0.019780361543597684,T32_large_seed1_repeat2_M24_best_single
T32_large_seed1,random_1,24,2,,complete,False,0.3541145177403098,1.0413896851743172,0.3541145177403098,0.050925805928979086,31994153838,-0.018131505622880816,T32_large_seed1_repeat2_M24_random_1
T32_large_seed1,random_64,24,2,,complete,False,0.35420814694103797,1.0413896851743176,0.35420814694103797,0.0524387957339023,31994153838,-0.019652586014969907,T32_large_seed1_repeat2_M24_random_64
T32_large_seed1,two_hessian,3,3,,complete,False,0.3531933695595524,1.0413896851743176,0.3531933695595524,0.05251850795327641,31994153148,-0.019653586187841163,T32_large_seed1_repeat3_M3_two_hessian
T32_large_seed1,best_single,3,3,,complete,False,0.3568450048757902,1.0413896851743172,0.3568450048757902,0.05120079341424584,31994153208,-0.0166607306231011,T32_large_seed1_repeat3_M3_best_single
T32_large_seed1,random_1,3,3,,complete,False,0.35246624445566677,1.0413896851743174,0.35246624445566677,0.05283563197685905,31994153208,-0.01989524410304526,T32_large_seed1_repeat3_M3_random_1
T32_large_seed1,random_64,3,3,,complete,False,0.3571283088436268,1.041389685174318,0.3571283088436268,0.05139241423618239,31994153208,-0.01890760064210234,T32_large_seed1_repeat3_M3_random_64
T32_large_seed1,two_hessian,6,3,,complete,False,0.3531933695595524,1.0413896851743176,0.3531933695595524,0.05251850795327641,31994153148,-0.019653586187841163,T32_large_seed1_repeat3_M6_two_hessian
T32_large_seed1,best_single,6,3,,complete,False,0.35345252330300436,1.0413896851743174,0.35345252330300436,0.05295580633503145,31994153298,-0.01977755028531454,T32_large_seed1_repeat3_M6_best_single
T32_large_seed1,random_1,6,3,,complete,False,0.31277692584437755,1.041389685174317,0.31277692584437755,0.06319488318122857,31994153298,-0.019291248862961297,T32_large_seed1_repeat3_M6_random_1
T32_large_seed1,random_64,6,3,,complete,False,0.36022495493481677,1.0413896851743176,0.36022495493481677,0.05063708366888468,31994153298,-0.020047474201309798,T32_large_seed1_repeat3_M6_random_64
T32_large_seed1,two_hessian,12,3,,complete,False,0.3531933695595524,1.0413896851743176,0.3531933695595524,0.05251850795327641,31994153148,-0.019653586187841163,T32_large_seed1_repeat3_M12_two_hessian
T32_large_seed1,best_single,12,3,,complete,False,0.35345252330300436,1.0413896851743174,0.35345252330300436,0.05295580633503145,31994153478,-0.01977755028531454,T32_large_seed1_repeat3_M12_best_single
T32_large_seed1,random_1,12,3,,complete,False,0.3622622473829641,1.0413896851743174,0.3622622473829641,0.04903023633182881,31994153478,-0.017342729223612997,T32_large_seed1_repeat3_M12_random_1
T32_large_seed1,random_64,12,3,,complete,False,0.35701997824534637,1.041389685174318,0.35701997824534637,0.051510694213395845,31994153478,-0.019719579560273568,T32_large_seed1_repeat3_M12_random_64
T32_large_seed1,random_8,12,3,,complete,False,0.35701997824534637,1.041389685174318,0.35701997824534637,0.051510694213395845,31994153478,-0.019719579560273568,T32_large_seed1_repeat3_M12_random_8
T32_large_seed1,random_32,12,3,,complete,False,0.35701997824534637,1.041389685174318,0.35701997824534637,0.051510694213395845,31994153478,-0.019719579560273568,T32_large_seed1_repeat3_M12_random_32
T32_large_seed1,two_hessian,24,3,,complete,False,0.3531933695595524,1.0413896851743176,0.3531933695595524,0.05251850795327641,31994153148,-0.019653586187841163,T32_large_seed1_repeat3_M24_two_hessian
T32_large_seed1,best_single,24,3,,complete,False,0.35600985894395876,1.0413896851743178,0.35600985894395876,0.05228592322735589,31994153838,-0.01950593253096238,T32_large_seed1_repeat3_M24_best_single
T32_large_seed1,random_1,24,3,,complete,False,0.3633780611429285,1.041389685174317,0.3633780611429285,0.04983071024385951,31994153838,-0.019464086276612617,T32_large_seed1_repeat3_M24_random_1
T32_large_seed1,random_64,24,3,,complete,False,0.3564726327403438,1.0413896851743174,0.3564726327403438,0.05150733327753055,31994153838,-0.018940085198270406,T32_large_seed1_repeat3_M24_random_64
T32_large_seed1,two_hessian,3,4,,complete,False,0.35206797729572104,1.0413896851743176,0.35206797729572104,0.05303360673716312,31994153148,-0.019689235235293902,T32_large_seed1_repeat4_M3_two_hessian
T32_large_seed1,best_single,3,4,,complete,False,0.3528671080790755,1.0413896851743185,0.3528671080790755,0.05300461269762443,31994153208,-0.020021341446650704,T32_large_seed1_repeat4_M3_best_single
T32_large_seed1,random_1,3,4,,complete,False,0.3532104608309139,1.0413896851743178,0.3532104608309139,0.05278902864369503,31994153208,-0.01954499226085008,T32_large_seed1_repeat4_M3_random_1
T32_large_seed1,random_64,3,4,,complete,False,0.35352600581828775,1.0413896851743174,0.35352600581828775,0.052781410190559166,31994153208,-0.019951568273167655,T32_large_seed1_repeat4_M3_random_64
T32_large_seed1,two_hessian,6,4,,complete,False,0.35206797729572104,1.0413896851743176,0.35206797729572104,0.05303360673716312,31994153148,-0.019689235235293902,T32_large_seed1_repeat4_M6_two_hessian
T32_large_seed1,best_single,6,4,,complete,False,0.35242299412972944,1.041389685174318,0.35242299412972944,0.05288280813197244,31994153298,-0.019823558773791352,T32_large_seed1_repeat4_M6_best_single
T32_large_seed1,random_1,6,4,,complete,False,0.34902787983278716,1.041389685174317,0.34902787983278716,0.053551645481338936,31994153298,-0.0200060195373877,T32_large_seed1_repeat4_M6_random_1
T32_large_seed1,random_64,6,4,,complete,False,0.35452912876554005,1.0413896851743183,0.35452912876554005,0.05239177751106208,31994153298,-0.019656547559082232,T32_large_seed1_repeat4_M6_random_64
T32_large_seed1,two_hessian,12,4,,complete,False,0.35206797729572104,1.0413896851743176,0.35206797729572104,0.05303360673716312,31994153148,-0.019689235235293902,T32_large_seed1_repeat4_M12_two_hessian
T32_large_seed1,best_single,12,4,,complete,False,0.35242299412972944,1.041389685174318,0.35242299412972944,0.05288280813197244,31994153478,-0.019823558773791352,T32_large_seed1_repeat4_M12_best_single
T32_large_seed1,random_1,12,4,,complete,False,0.35435736685489927,1.0413896851743178,0.35435736685489927,0.052908324490776475,31994153478,-0.019702983864025317,T32_large_seed1_repeat4_M12_random_1
T32_large_seed1,random_64,12,4,,complete,False,0.35634484875936334,1.0413896851743172,0.35634484875936334,0.05190606193291958,31994153478,-0.01990382877017399,T32_large_seed1_repeat4_M12_random_64
T32_large_seed1,random_8,12,4,,complete,False,0.35709684642992134,1.0413896851743167,0.35709684642992134,0.0517369798114288,31994153478,-0.01941942915235017,T32_large_seed1_repeat4_M12_random_8
T32_large_seed1,random_32,12,4,,complete,False,0.3570487341605311,1.0413896851743174,0.3570487341605311,0.05170669665081213,31994153478,-0.019956910620683808,T32_large_seed1_repeat4_M12_random_32
T32_large_seed1,two_hessian,24,4,,complete,False,0.35206797729572104,1.0413896851743176,0.35206797729572104,0.05303360673716312,31994153148,-0.019689235235293902,T32_large_seed1_repeat4_M24_two_hessian
T32_large_seed1,best_single,24,4,,complete,False,0.35242299412972944,1.041389685174318,0.35242299412972944,0.05288280813197244,31994153838,-0.019823558773791352,T32_large_seed1_repeat4_M24_best_single
T32_large_seed1,random_1,24,4,,complete,False,0.34589204376110816,1.0413896851743178,0.34589204376110816,0.054287976620184544,31994153838,-0.019931508788812124,T32_large_seed1_repeat4_M24_random_1
T32_large_seed1,random_64,24,4,,complete,False,0.35748785951737094,1.0413896851743178,0.35748785951737094,0.05154614761009354,31994153838,-0.02022236720287455,T32_large_seed1_repeat4_M24_random_64
T32_large_seed1,random_64_gaussian_ols,12,0,0,complete,False,0.16335267522613264,0.9525973327963698,0.16335267522613264,0.004529602169795324,31995202054,-0.019506640496652822,T32_large_seed1_repeat0_M12_random_64_OLS0
T32_large_seed1,random_64_gaussian_ols_abs,12,0,0,complete,False,0.20460871562036767,1.0065676245169741,0.20460871562036767,0.004531950875359258,31995202054,0.018774197455882668,T32_large_seed1_repeat0_M12_random_64_OLS0_abs
T32_large_seed1,random_64_gaussian_ols,12,1,0,complete,False,0.16752319117578987,0.9519129382587782,0.16752319117578987,0.00452927519493051,31995202054,-0.019997118944798015,T32_large_seed1_repeat1_M12_random_64_OLS0
T32_large_seed1,random_64_gaussian_ols_abs,12,1,0,complete,False,0.20614089513251904,1.007002675765783,0.20614089513251904,0.0045316856546089605,31995202054,0.019228105518523917,T32_large_seed1_repeat1_M12_random_64_OLS0_abs
T32_large_seed1,random_64_gaussian_ols,12,2,0,complete,False,0.16510300555482438,0.9523938934899414,0.16510300555482438,0.004529622889779001,31995202054,-0.019448240333193992,T32_large_seed1_repeat2_M12_random_64_OLS0
T32_large_seed1,random_64_gaussian_ols_abs,12,2,0,complete,False,0.20292813449718333,1.0059456176794095,0.20292813449718333,0.004531959408648951,31995202054,0.018720094537926574,T32_large_seed1_repeat2_M12_random_64_OLS0_abs
T32_large_seed1,random_64_gaussian_ols,12,3,0,complete,False,0.16821266503569754,0.9515453869853113,0.16821266503569754,0.004528622340040237,31995202054,-0.019719579560273568,T32_large_seed1_repeat3_M12_random_64_OLS0
T32_large_seed1,random_64_gaussian_ols_abs,12,3,0,complete,False,0.20874005841179413,1.0060351917736547,0.20874005841179413,0.004530998655863507,31995202054,0.018971364881959992,T32_large_seed1_repeat3_M12_random_64_OLS0_abs
T32_large_seed1,random_64_gaussian_ols,12,4,0,complete,False,0.16685417301499378,0.9520738265532089,0.16685417301499378,0.004529438491009006,31995202054,-0.01990382877017399,T32_large_seed1_repeat4_M12_random_64_OLS0
T32_large_seed1,random_64_gaussian_ols_abs,12,4,0,complete,False,0.2050748733775895,1.006881682710864,0.2050748733775895,0.004531835966998576,31995202054,0.019141837075191626,T32_large_seed1_repeat4_M12_random_64_OLS0_abs
T32_large_seed1,random_64_gaussian_ols,12,0,1,complete,False,0.15505614264509,0.9335455771881757,0.15505614264509,0.004403488923529297,31995202054,-0.019506640496652822,T32_large_seed1_repeat0_M12_random_64_OLS1
T32_large_seed1,random_64_gaussian_ols_abs,12,0,1,complete,False,0.1733821007141304,0.985724866258288,0.1733821007141304,0.0043974919597087655,31995202054,0.018774197455882668,T32_large_seed1_repeat0_M12_random_64_OLS1_abs
T32_large_seed1,random_64_gaussian_ols,12,1,1,complete,False,0.15911306844387638,0.9328482329351647,0.15911306844387638,0.004403796367045134,31995202054,-0.019997118944798015,T32_large_seed1_repeat1_M12_random_64_OLS1
T32_large_seed1,random_64_gaussian_ols_abs,12,1,1,complete,False,0.17487122173455388,0.9861084434935942,0.17487122173455388,0.004397662135609127,31995202054,0.019228105518523917,T32_large_seed1_repeat1_M12_random_64_OLS1_abs
T32_large_seed1,random_64_gaussian_ols,12,2,1,complete,False,0.1567147580310091,0.9333798038844388,0.1567147580310091,0.004403341659582603,31995202054,-0.019448240333193992,T32_large_seed1_repeat2_M12_random_64_OLS1
T32_large_seed1,random_64_gaussian_ols_abs,12,2,1,complete,False,0.17170352493636315,0.9851529075984828,0.17170352493636315,0.004397361232014318,31995202054,0.018720094537926574,T32_large_seed1_repeat2_M12_random_64_OLS1_abs
T32_large_seed1,random_64_gaussian_ols,12,3,1,complete,False,0.15988038342420013,0.9323917919189662,0.15988038342420013,0.00440387720872954,31995202054,-0.019719579560273568,T32_large_seed1_repeat3_M12_random_64_OLS1
T32_large_seed1,random_64_gaussian_ols_abs,12,3,1,complete,False,0.17749684245913225,0.9850728260640266,0.17749684245913225,0.004397822870897212,31995202054,0.018971364881959992,T32_large_seed1_repeat3_M12_random_64_OLS1_abs
T32_large_seed1,random_64_gaussian_ols,12,4,1,complete,False,0.15844015941774237,0.9330318542458067,0.15844015941774237,0.004403680860152281,31995202054,-0.01990382877017399,T32_large_seed1_repeat4_M12_random_64_OLS1
T32_large_seed1,random_64_gaussian_ols_abs,12,4,1,complete,False,0.1738124197647118,0.9860194114360902,0.1738124197647118,0.004397572423482658,31995202054,0.019141837075191626,T32_large_seed1_repeat4_M12_random_64_OLS1_abs
T32_large_seed1,random_64_gaussian_ols,12,0,2,complete,False,0.13928297207633994,0.9548739497444889,0.13928297207633994,0.004716545215552778,31995202054,-0.019506640496652822,T32_large_seed1_repeat0_M12_random_64_OLS2
T32_large_seed1,random_64_gaussian_ols_abs,12,0,2,complete,False,0.19242884536807994,1.0097373641746068,0.19242884536807994,0.0047231070136921375,31995202054,0.018774197455882668,T32_large_seed1_repeat0_M12_random_64_OLS2_abs
T32_large_seed1,random_64_gaussian_ols,12,1,2,complete,False,0.14346218719019388,0.9540988208281039,0.14346218719019388,0.004717544626732597,31995202054,-0.019997118944798015,T32_large_seed1_repeat1_M12_random_64_OLS2
T32_large_seed1,random_64_gaussian_ols_abs,12,1,2,complete,False,0.1939323672772247,1.010100740053518,0.1939323672772247,0.004724270778307545,31995202054,0.019228105518523917,T32_large_seed1_repeat1_M12_random_64_OLS2_abs
T32_large_seed1,random_64_gaussian_ols,12,2,2,complete,False,0.14102339949517917,0.9546474021504872,0.14102339949517917,0.004717839292620423,31995202054,-0.019448240333193992,T32_large_seed1_repeat2_M12_random_64_OLS2
T32_large_seed1,random_64_gaussian_ols_abs,12,2,2,complete,False,0.19068959065125712,1.0090859809596142,0.19068959065125712,0.004724374776253223,31995202054,0.018720094537926574,T32_large_seed1_repeat2_M12_random_64_OLS2_abs
T32_large_seed1,random_64_gaussian_ols,12,3,2,complete,False,0.14418975631647168,0.9536871931829374,0.14418975631647168,0.004716854392858206,31995202054,-0.019719579560273568,T32_large_seed1_repeat3_M12_random_64_OLS2
T32_large_seed1,random_64_gaussian_ols_abs,12,3,2,complete,False,0.19659668973198702,1.0090788577482674,0.19659668973198702,0.004723488744418027,31995202054,0.018971364881959992,T32_large_seed1_repeat3_M12_random_64_OLS2_abs
T32_large_seed1,random_64_gaussian_ols,12,4,2,complete,False,0.14278409810069614,0.9542813028471646,0.14278409810069614,0.004717689634092286,31995202054,-0.01990382877017399,T32_large_seed1_repeat4_M12_random_64_OLS2
T32_large_seed1,random_64_gaussian_ols_abs,12,4,2,complete,False,0.19285160524908532,1.0099967501563103,0.19285160524908532,0.004724382811232162,31995202054,0.019141837075191626,T32_large_seed1_repeat4_M12_random_64_OLS2_abs
T32_large_seed1,random_64_gaussian_ols,12,0,3,complete,False,0.10910172865624707,0.9801567280003063,0.10910172865624707,0.005833758841739859,31995202054,-0.019506640496652822,T32_large_seed1_repeat0_M12_random_64_OLS3
T32_large_seed1,random_64_gaussian_ols_abs,12,0,3,complete,False,0.1428939527529326,1.033528316054931,0.1428939527529326,0.005831685350148786,31995202054,0.018774197455882668,T32_large_seed1_repeat0_M12_random_64_OLS3_abs
T32_large_seed1,random_64_gaussian_ols,12,1,3,complete,False,0.11327592034612144,0.9793877790192037,0.11327592034612144,0.005839829818229019,31995202054,-0.019997118944798015,T32_large_seed1_repeat1_M12_random_64_OLS3
T32_large_seed1,random_64_gaussian_ols_abs,12,1,3,complete,False,0.1444602184449298,1.0338666454806287,0.1444602184449298,0.005837719644347424,31995202054,0.019228105518523917,T32_large_seed1_repeat1_M12_random_64_OLS3_abs
T32_large_seed1,random_64_gaussian_ols,12,2,3,complete,False,0.11068555222440446,0.980093361869359,0.11068555222440446,0.005838878187128052,31995202054,-0.019448240333193992,T32_large_seed1_repeat2_M12_random_64_OLS3
T32_large_seed1,random_64_gaussian_ols_abs,12,2,3,complete,False,0.1410864123626403,1.0330513276638391,0.1410864123626403,0.005836818633843569,31995202054,0.018720094537926574,T32_large_seed1_repeat2_M12_random_64_OLS3_abs
T32_large_seed1,random_64_gaussian_ols,12,3,3,complete,False,0.11431318358385723,0.978669459557201,0.11431318358385723,0.005841061066053949,31995202054,-0.019719579560273568,T32_large_seed1_repeat3_M12_random_64_OLS3
T32_large_seed1,random_64_gaussian_ols_abs,12,3,3,complete,False,0.1473851488265681,1.0325548711020014,0.1473851488265681,0.0058389708328482875,31995202054,0.018971364881959992,T32_large_seed1_repeat3_M12_random_64_OLS3_abs
T32_large_seed1,random_64_gaussian_ols,12,4,3,complete,False,0.1125246634932644,0.9796442675803654,0.1125246634932644,0.005839410177775091,31995202054,-0.01990382877017399,T32_large_seed1_repeat4_M12_random_64_OLS3
T32_large_seed1,random_64_gaussian_ols_abs,12,4,3,complete,False,0.1433165349554572,1.0338444117736325,0.1433165349554572,0.0058373092077381485,31995202054,0.019141837075191626,T32_large_seed1_repeat4_M12_random_64_OLS3_abs
T32_large_seed1,random_64_gaussian_ols,12,0,4,complete,False,0.20395618309979033,0.9831299852385078,0.20395618309979033,0.007247807146002509,31995202054,-0.019506640496652822,T32_large_seed1_repeat0_M12_random_64_OLS4
T32_large_seed1,random_64_gaussian_ols_abs,12,0,4,complete,False,0.20597382697159536,1.0341218723030672,0.20597382697159536,0.007231362008987747,31995202054,0.018774197455882668,T32_large_seed1_repeat0_M12_random_64_OLS4_abs
T32_large_seed1,random_64_gaussian_ols,12,1,4,complete,False,0.2081833742650072,0.982654218029742,0.2081833742650072,0.00724202213310006,31995202054,-0.019997118944798015,T32_large_seed1_repeat1_M12_random_64_OLS4
T32_large_seed1,random_64_gaussian_ols_abs,12,1,4,complete,False,0.20770448179767415,1.034703406620149,0.20770448179767415,0.007225192715439045,31995202054,0.019228105518523917,T32_large_seed1_repeat1_M12_random_64_OLS4_abs
T32_large_seed1,random_64_gaussian_ols,12,2,4,complete,False,0.2056369158104647,0.9830930165976893,0.2056369158104647,0.007242827875532569,31995202054,-0.019448240333193992,T32_large_seed1_repeat2_M12_random_64_OLS4
T32_large_seed1,random_64_gaussian_ols_abs,12,2,4,complete,False,0.20440801456747956,1.0336889601863701,0.20440801456747956,0.00722644722805258,31995202054,0.018720094537926574,T32_large_seed1_repeat2_M12_random_64_OLS4_abs
T32_large_seed1,random_64_gaussian_ols,12,3,4,complete,False,0.20905261880949874,0.9821210959210961,0.20905261880949874,0.0072405459452351125,31995202054,-0.019719579560273568,T32_large_seed1_repeat3_M12_random_64_OLS4
T32_large_seed1,random_64_gaussian_ols_abs,12,3,4,complete,False,0.21038077536610575,1.0336037421623705,0.21038077536610575,0.007223931742962566,31995202054,0.018971364881959992,T32_large_seed1_repeat3_M12_random_64_OLS4_abs
T32_large_seed1,random_64_gaussian_ols,12,4,4,complete,False,0.20746273205071541,0.9828246364040876,0.20746273205071541,0.007242437666586492,31995202054,-0.01990382877017399,T32_large_seed1_repeat4_M12_random_64_OLS4
T32_large_seed1,random_64_gaussian_ols_abs,12,4,4,complete,False,0.20660816730202855,1.0346074417863982,0.20660816730202855,0.007225685798847409,31995202054,0.019141837075191626,T32_large_seed1_repeat4_M12_random_64_OLS4_abs
